trial,case_id,group,success,wallclock_s,reason,n_accepted,n_validated,n_killing,n_gen_mutants,n_dv_confirmed,n_test_tasks,n_test_reflections,t_mutation_s,t_test_s,t_total_s,fail_class
1,acfix_002_Templedao,REAL,False,591.8275096416473,,5,5,0,10,1,7,10,438.0,154.0,592.0,D1_validated_no_kill
1,acfix_015_CVE_2018_10666,REAL,True,130.53727674484253,,4,4,2,8,0,4,3,79.0,51.0,130.0,
1,acfix_016_CVE_2018_10705,REAL,True,138.11422300338745,,3,3,1,7,0,3,3,79.0,59.0,138.0,
1,acfix_021_CVE_2018_19832,REAL,False,489.80466866493225,,1,1,0,4,0,3,9,314.0,175.0,489.0,D1_validated_no_kill
1,acfix_022_CVE_2018_19833,REAL,False,464.7207190990448,,2,2,0,8,7,7,21,138.0,327.0,465.0,D1_validated_no_kill
1,acfix_026_CVE_2019_15080,REAL,True,235.88761734962463,,7,7,2,11,0,8,12,27.0,209.0,236.0,
1,acfix_030_CVE_2021_34272,REAL,True,137.39820647239685,,8,8,4,13,0,8,8,31.0,106.0,137.0,
1,acfix_031_CVE_2021_34273,REAL,True,199.38300800323486,,6,6,1,11,0,9,16,20.0,179.0,199.0,
1,acfix_032_CVE_2021_39167,REAL,False,477.4783899784088,,1,1,0,6,0,5,16,162.0,315.0,477.0,D1_validated_no_kill
1,acfix_033_CVE_2021_39168,REAL,False,517.8745691776276,,5,5,0,11,0,10,27,288.0,230.0,518.0,D1_validated_no_kill
1,acfix_077_L1Block,REAL,True,168.05066680908203,,7,7,2,8,2,8,11,32.0,136.0,168.0,
1,acfix_088_EmergencyOracleFactory,REAL,True,484.2413401603699,,0,0,3,5,1,4,9,55.0,430.0,485.0,
1,acfix_3_5_015_CVE_2018_10666,REAL,True,180.47680020332336,,7,7,2,9,0,7,3,21.0,160.0,181.0,
1,acfix_3_5_016_CVE_2018_10705,REAL,True,176.63562941551208,,8,8,2,9,0,9,11,17.0,160.0,177.0,
1,acfix_3_5_076_RoundFactory,REAL,False,483.1610095500946,,6,6,0,15,0,8,10,348.0,135.0,483.0,D1_validated_no_kill
1,acfix_3_5_077_L1Block,REAL,False,492.71305799484253,,17,17,0,27,3,18,14,306.0,187.0,493.0,D1_validated_no_kill
1,acfix_3_5_088_EmergencyOracleFactory,REAL,True,469.80319452285767,,2,2,2,7,2,3,3,54.0,416.0,470.0,
1,acfix_3_5_101_ANCHToken,REAL,False,600.0,case_timeout,0,0,0,3,0,0,0,1.0,0.0,1.0,case_timeout
1,acfix_fixlink_DepositLog,REAL,True,467.1388647556305,,7,7,7,14,5,13,35,150.0,317.0,467.0,
1,acfix_fixlink_DnGmxBatchingManager,REAL,True,472.3501977920532,,9,9,2,13,0,11,18,147.0,325.0,472.0,
1,acfix_fixlink_MStableYieldSource,REAL,False,554.104017496109,no_test_generated,0,0,0,3,0,0,0,554.0,0.0,554.0,D2a_mutation_barren
1,acfix_fixlink_Product,REAL,False,465.98479557037354,no_test_generated,0,0,0,14,0,5,19,40.0,426.0,466.0,D2b_synthesis_exhausted
1,acfix_fixlink_Product2,REAL,False,483.392982006073,no_test_generated,0,0,0,11,0,6,20,32.0,451.0,483.0,D2b_synthesis_exhausted
1,acfix_llama3_002_Templedao,REAL,False,533.1757690906525,,7,7,0,12,1,7,12,359.0,174.0,533.0,D1_validated_no_kill
1,acfix_llama3_017_CVE_2018_11329,REAL,True,506.9243998527527,,4,4,2,4,4,4,9,371.0,135.0,506.0,
1,acfix_llama3_022_CVE_2018_19833,REAL,False,469.27371883392334,,3,3,0,6,6,6,9,144.0,326.0,470.0,D1_validated_no_kill
1,acfix_llama3_024_CVE_2019_15078,REAL,True,600.0,,0,0,0,5,3,3,6,414.0,207.0,621.0,
1,acfix_real_BaseEscalationManager,REAL,True,479.76241636276245,,10,10,10,12,6,12,12,34.0,445.0,479.0,
1,acfix_real_FlashGovernanceArbiter,REAL,True,600.0,case_timeout,2,2,2,0,0,0,0,0.0,0.0,0.0,
1,ct_20_Pool_sol_Synth_sol_Failing_Max_Value_Al,REAL,True,464.30877232551575,no_test_generated,5,5,2,12,1,1,2,121.0,343.0,464.0,
1,ct_5_Proposals_can_be_cancelled,REAL,False,485.67149329185486,,3,3,0,8,1,4,4,414.0,72.0,486.0,D1_validated_no_kill
1,pop_001_Multicall,REAL,False,2.732447624206543,selection_empty,0,0,0,0,0,0,0,2.0,0.0,2.0,selection_failed
1,pop_009_PrivatePool,REAL,False,496.6863269805908,,9,9,0,12,0,9,0,308.0,189.0,497.0,D1_validated_no_kill
1,pop_018_PrivatePool,REAL,False,510.4523479938507,,15,15,0,16,0,15,0,199.0,312.0,511.0,D1_validated_no_kill
1,pop_020_GSPFunding,REAL,False,524.887104511261,no_test_generated,0,0,0,6,1,1,2,257.0,268.0,525.0,D2b_synthesis_exhausted
1,pop_032_PuttyV2,REAL,True,0.7582142353057861,selection_failed:Slither failed to load temporary-source.sol (retried --via-ir): Invalid compilat,0,0,1,0,0,0,0,1.0,0.0,1.0,
1,pop_033_PrivatePool,REAL,False,515.8484220504761,,15,15,0,18,0,15,1,195.0,321.0,516.0,D1_validated_no_kill
1,pop_042_VaultAdapter,REAL,False,529.2205636501312,,2,2,0,10,0,7,21,25.0,504.0,529.0,D1_validated_no_kill
1,pop_046_CVXStaker,REAL,False,511.7406949996948,no_test_generated,0,0,0,14,1,8,29,96.0,415.0,511.0,D2b_synthesis_exhausted
1,pop_048_PrivatePool,REAL,False,600.0,,13,13,0,15,0,14,0,217.0,418.0,635.0,D1_validated_no_kill
1,pop_049_Cooler,REAL,False,541.2760229110718,,4,4,0,11,0,7,14,29.0,513.0,542.0,D1_validated_no_kill
1,pop_051_LiquidityPool,REAL,False,600.0,case_timeout,0,0,0,0,0,0,0,0.0,0.0,0.0,case_timeout
1,pop_058_PuttyV2,REAL,False,0.965019702911377,selection_failed:Slither failed to load temporary-source.sol (retried --via-ir): Invalid compilat,0,0,0,0,0,0,0,1.0,0.0,1.0,selection_failed
1,pop_066_LRTDepositPool,REAL,False,516.6034207344055,,2,2,0,9,0,8,20,50.0,467.0,517.0,D1_validated_no_kill
1,pop_070_PhiNFT1155,REAL,False,474.2728843688965,,1,1,0,6,0,2,6,385.0,90.0,475.0,D1_validated_no_kill
1,pop_077_GameItems,REAL,False,472.776882648468,,3,3,0,16,0,7,17,280.0,193.0,473.0,D1_validated_no_kill
1,pop_077_MergingPool,REAL,False,600.0,no_test_generated,0,0,0,2,0,0,0,614.0,0.0,614.0,D2a_mutation_barren
1,rc_access_control__mycontract__SolGPT__mycontract_2round,BENCH,True,357.67423033714294,,3,3,2,6,4,6,15,19.0,338.0,357.0,
1,rc_access_control__mycontract__SolGPT__mycontract_3round,BENCH,True,280.8977642059326,,4,4,1,6,5,6,13,18.0,263.0,281.0,
1,rc_access_control__mycontract__sGuard__mycontract,BENCH,True,436.2894477844238,,3,3,1,7,3,7,23,85.0,351.0,436.0,
1,rc_access_control__phishable__SmartFix__phishable,BENCH,True,196.17749333381653,,4,4,2,5,5,5,9,15.0,181.0,196.0,
1,rc_access_control__phishable__TIPS__phishable,BENCH,True,102.22919511795044,,5,5,2,5,5,5,3,17.0,86.0,103.0,
1,rc_access_control__phishable__sGuardPlus__phishable,BENCH,True,222.9754147529602,,5,5,2,5,5,5,9,19.0,204.0,223.0,
1,rc_access_control__phishable__sGuard__phishable,BENCH,True,301.4023690223694,,4,4,2,6,5,5,6,17.0,284.0,301.0,
1,rc_access_control__proxy__SolGPT__proxy_4round,BENCH,False,35.84343099594116,,1,1,0,1,1,1,0,5.0,31.0,36.0,D1_validated_no_kill
1,rc_access_control__simple_suicide__SmartFix__simple_suicide,BENCH,True,112.02509379386902,,1,1,1,3,3,3,6,11.0,101.0,112.0,
1,rc_access_control__simple_suicide__sGuardPlus__simple_suicide,BENCH,True,149.38080883026123,,2,2,2,3,1,3,6,10.0,139.0,149.0,
1,rc_access_control__wallet_02_refund_nosub__SmartFix__wallet_02_refund_nosub,BENCH,False,468.57230138778687,,4,4,0,10,7,10,25,46.0,422.0,468.0,D1_validated_no_kill
1,rc_access_control__wallet_02_refund_nosub__SolGPT__wallet_02_refund_nosub_2round,BENCH,False,599.4084632396698,,3,3,0,13,6,9,29,57.0,542.0,599.0,D1_validated_no_kill
1,rc_bad_randomness__old_blockhash__SolGPT__old_blockhash_1round,BENCH,True,491.78762555122375,,1,1,1,11,2,5,16,66.0,426.0,492.0,
1,rc_bad_randomness__old_blockhash__SolGPT__old_blockhash_2round,BENCH,True,475.06506180763245,,2,2,2,12,2,6,24,130.0,345.0,475.0,
1,rc_bad_randomness__old_blockhash__SolGPT__old_blockhash_3round,BENCH,True,467.20876145362854,,6,6,3,17,3,7,20,159.0,308.0,467.0,
1,rc_reentrancy__modifier_reentrancy__SmartFix__modifier_reentrancy,BENCH,False,519.2767729759216,,2,2,0,10,0,5,10,15.0,505.0,520.0,D1_validated_no_kill
1,rc_reentrancy__reentrancy_bonus__SmartFix__reentrancy_bonus,BENCH,True,416.43850469589233,,1,1,0,8,6,8,26,57.0,359.0,416.0,
1,rc_reentrancy__reentrancy_dao__SolGPT__reentrancy_dao_1round,BENCH,True,298.5728487968445,,2,2,1,5,0,5,14,17.0,281.0,298.0,
1,rc_reentrancy__reentrancy_dao__SolGPT__reentrancy_dao_4round,BENCH,False,141.51547288894653,,2,2,0,4,0,4,12,11.0,130.0,141.0,D1_validated_no_kill
1,rc_reentrancy__reentrancy_dao__sGuardPlus__reentrancy_dao,BENCH,False,199.46445775032043,no_test_generated,0,0,0,6,0,5,20,19.0,180.0,199.0,D2b_synthesis_exhausted
1,rc_reentrancy__reentrancy_simple__SmartFix__reentrancy_simple,BENCH,True,573.9912917613983,,8,8,0,13,9,13,10,180.0,394.0,574.0,
1,rc_reentrancy__reentrancy_simple__sGuard__reentrancy_simple,BENCH,True,470.9071021080017,,8,8,1,21,3,13,22,121.0,350.0,471.0,
1,rc_time_manipulation__ether_lotto__SolGPT__ether_lotto_1round,BENCH,True,482.2708294391632,,4,4,2,13,7,8,14,96.0,387.0,483.0,
1,rc_time_manipulation__ether_lotto__SolGPT__ether_lotto_2round,BENCH,True,471.5319721698761,,3,3,2,7,7,7,20,25.0,446.0,471.0,
1,rc_time_manipulation__ether_lotto__SolGPT__ether_lotto_3round,BENCH,True,583.9042918682098,,3,3,1,9,5,6,7,62.0,522.0,584.0,
1,rc_time_manipulation__roulette__SolGPT__roulette_1round,BENCH,True,312.83991146087646,,5,5,1,9,0,8,17,20.0,293.0,313.0,
1,rc_time_manipulation__roulette__SolGPT__roulette_2round,BENCH,True,261.8390383720398,,5,5,4,10,0,9,17,18.0,243.0,261.0,
1,rc_time_manipulation__roulette__SolGPT__roulette_3round,BENCH,True,440.82545924186707,,2,2,1,9,0,8,27,18.0,423.0,441.0,
1,rc_time_manipulation__roulette__SolGPT__roulette_4round,BENCH,True,347.25377893447876,,8,8,3,12,0,11,24,23.0,324.0,347.0,
1,rc_unchecked_low_level_calls__0x07f7ecb66d788ab01dc93b9b71a88401de7d0f2e__SolGPT__0x07f7ecb66d788ab01dc93b9b71a88401de7d0f2e_3round,REAL,False,486.11545181274414,,22,22,0,15,8,9,4,340.0,146.0,486.0,
1,rc_unchecked_low_level_calls__0x2972d548497286d18e92b5fa1f8f9139e5653fd2__SolGPT__0x2972d548497286d18e92b5fa1f8f9139e5653fd2_3round,REAL,False,557.5061755180359,no_test_generated,0,0,0,3,0,1,4,507.0,50.0,557.0,D2b_synthesis_exhausted
1,rc_unchecked_low_level_calls__0x4051334adc52057aca763453820cb0e045076ef3__SolGPT__0x4051334adc52057aca763453820cb0e045076ef3_2round,REAL,False,515.4562547206879,,1,1,0,3,0,1,0,510.0,6.0,516.0,D1_validated_no_kill
1,rc_unchecked_low_level_calls__0x4051334adc52057aca763453820cb0e045076ef3__SolGPT__0x4051334adc52057aca763453820cb0e045076ef3_3round,REAL,True,514.6474435329437,,9,9,1,3,0,1,0,509.0,5.0,514.0,
1,rc_unchecked_low_level_calls__0x4b71ad9c1a84b9b643aa54fdd66e2dec96e8b152__SolGPT__0x4b71ad9c1a84b9b643aa54fdd66e2dec96e8b152_1round,REAL,True,533.5160660743713,no_test_generated,8,8,1,3,0,0,0,533.0,0.0,533.0,
1,rc_unchecked_low_level_calls__0x4b71ad9c1a84b9b643aa54fdd66e2dec96e8b152__SolGPT__0x4b71ad9c1a84b9b643aa54fdd66e2dec96e8b152_2round,REAL,True,529.5051231384277,,9,9,2,5,0,1,2,510.0,19.0,529.0,
1,rc_unchecked_low_level_calls__0x4b71ad9c1a84b9b643aa54fdd66e2dec96e8b152__SolGPT__0x4b71ad9c1a84b9b643aa54fdd66e2dec96e8b152_3round,REAL,True,488.5860958099365,no_test_generated,3,3,1,3,0,0,0,488.0,0.0,488.0,
1,rc_unchecked_low_level_calls__0x7d09edb07d23acb532a82be3da5c17d9d85806b4__TIPS__0x7d09edb07d23acb532a82be3da5c17d9d85806b4U2,REAL,False,551.8157460689545,,3,3,0,6,6,6,12,358.0,194.0,552.0,D1_validated_no_kill
1,rc_unchecked_low_level_calls__0xa1fceeff3acc57d257b917e30c4df661401d6431__SolGPT__0xa1fceeff3acc57d257b917e30c4df661401d6431_1round,REAL,False,578.7589335441589,,2,2,0,4,0,2,2,530.0,49.0,579.0,D1_validated_no_kill
1,rc_unchecked_low_level_calls__0xb7c5c5aa4d42967efe906e1b66cb8df9cebf04f7__sGuardPlus__0xb7c5c5aa4d42967efe906e1b66cb8df9cebf04f7,REAL,True,473.2368395328522,,4,4,1,9,1,6,10,323.0,151.0,474.0,
1,rc_unchecked_low_level_calls__0xe894d54dca59cb53fe9cbc5155093605c7068220__TIPS__0xe894d54dca59cb53fe9cbc5155093605c7068220U1,REAL,False,573.0553572177887,,2,2,0,3,0,2,3,534.0,39.0,573.0,D1_validated_no_kill
1,rcx_reentrancy__0x23a91059fdc9579a9fbd0edc5f2ea0bfdb70deb4__SmartFix,REAL,False,466.41520714759827,,1,1,0,4,3,3,4,339.0,128.0,467.0,budget_truncated
1,rcx_reentrancy__0x4320e6f8c05b27ab4707cd1f6d5ce6f3e4b3a5a1__SmartFix,REAL,True,551.3138017654419,,3,3,1,3,2,2,4,361.0,190.0,551.0,
1,rcx_reentrancy__0x4e73b32ed6c35f570686b89848e5f39f20ecc106__SmartFix,REAL,True,471.9968752861023,,4,4,1,4,4,4,12,238.0,234.0,472.0,
1,rcx_reentrancy__0x561eac93c92360949ab1f1403323e6db345cbf31__SmartFix,REAL,True,587.9647967815399,,6,6,0,4,3,4,7,321.0,267.0,588.0,
1,rcx_reentrancy__0x7b368c4e805c3870b6c49a3f1f49f69af8662cf3__SmartFix,REAL,False,501.3893678188324,no_test_generated,0,0,0,7,2,7,28,144.0,357.0,501.0,D2b_synthesis_exhausted
1,rcx_reentrancy__0x7b368c4e805c3870b6c49a3f1f49f69af8662cf3__sGuard,REAL,False,465.2933087348938,no_test_generated,0,0,0,8,1,8,31,99.0,366.0,465.0,D2b_synthesis_exhausted
1,rcx_reentrancy__0x93c32845fae42c83a70e5f06214c8433665c2ab5__SmartFix,REAL,True,490.9443242549896,,6,6,1,9,3,9,33,150.0,341.0,491.0,
1,rcx_reentrancy__0x93c32845fae42c83a70e5f06214c8433665c2ab5__sGuard,REAL,False,489.277215719223,no_test_generated,0,0,0,7,1,6,19,177.0,312.0,489.0,D2b_synthesis_exhausted
1,rcx_reentrancy__0x96edbe868531bd23a6c05e9d0c424ea64fb1b78b__SmartFix,REAL,False,475.806015253067,,7,7,0,13,10,11,18,156.0,320.0,476.0,D1_validated_no_kill
1,rcx_reentrancy__0x96edbe868531bd23a6c05e9d0c424ea64fb1b78b__sGuard,REAL,False,494.6889684200287,,6,6,0,12,6,9,16,130.0,364.0,494.0,D1_validated_no_kill
1,rcx_reentrancy__0xaae1f51cf3339f18b6d3f3bdc75a5facd744b0b8__SmartFix,REAL,True,513.5242805480957,,13,13,0,10,7,8,15,287.0,227.0,514.0,
1,rcx_reentrancy__0xb5e1b1ee15c6fa0e48fce100125569d430f1bd12__SmartFix,REAL,False,494.2851531505585,,3,3,0,5,4,4,10,373.0,121.0,494.0,budget_truncated
1,rcx_reentrancy__0xbe4041d55db380c5ae9d4a9b9703f1ed4e7e3888__SmartFix,REAL,False,491.8765323162079,,8,8,0,17,9,13,20,242.0,250.0,492.0,D1_validated_no_kill
1,rcx_reentrancy__0xbe4041d55db380c5ae9d4a9b9703f1ed4e7e3888__sGuard,REAL,False,472.46423602104187,,3,3,0,16,5,9,28,148.0,325.0,473.0,D1_validated_no_kill
1,rcx_reentrancy__0xf015c35649c82f5467c9c74b7f28ee67665aad68__SmartFix,REAL,False,487.6839017868042,no_test_generated,0,0,0,7,3,7,27,132.0,356.0,488.0,D2b_synthesis_exhausted
1,rcx_reentrancy__0xf015c35649c82f5467c9c74b7f28ee67665aad68__sGuard,REAL,True,462.72823905944824,no_test_generated,2,2,1,5,1,5,18,240.0,222.0,462.0,
1,rcx_unchecked_low_level_calls__0x3e013fc32a54c4c5b6991ba539dcd0ec4355c859__SmartFix,REAL,False,467.718701839447,,1,1,0,10,4,8,25,28.0,440.0,468.0,D1_validated_no_kill
1,rcx_unchecked_low_level_calls__0x4a66ad0bca2d700f11e1f2fc2c106f7d3264504c__SmartFix,REAL,False,568.2642657756805,no_test_generated,0,0,0,3,0,1,4,539.0,30.0,569.0,D2b_synthesis_exhausted
1,rcx_unchecked_low_level_calls__0x4a66ad0bca2d700f11e1f2fc2c106f7d3264504c__TIPS,REAL,False,580.1926627159119,no_test_generated,0,0,0,3,0,1,4,536.0,44.0,580.0,D2b_synthesis_exhausted
1,rcx_unchecked_low_level_calls__0x4a66ad0bca2d700f11e1f2fc2c106f7d3264504c__sGuard,REAL,False,600.0,,1,1,0,2,1,2,6,342.0,260.0,602.0,D1_validated_no_kill
1,rcx_unchecked_low_level_calls__0x5aa88d2901c68fda244f1d0584400368d2c8e739__SmartFix,REAL,False,472.6930150985718,,1,1,0,10,4,6,22,152.0,321.0,473.0,D1_validated_no_kill
1,rcx_unchecked_low_level_calls__0x610495793564aed0f9c7fc48dc4c7c9151d34fd6__SmartFix,REAL,False,468.30709195137024,,4,4,0,10,1,8,13,68.0,400.0,468.0,D1_validated_no_kill
1,rcx_unchecked_low_level_calls__0x610495793564aed0f9c7fc48dc4c7c9151d34fd6__TIPS,REAL,True,367.7692244052887,,4,4,2,12,5,9,22,43.0,325.0,368.0,
1,rcx_unchecked_low_level_calls__0x610495793564aed0f9c7fc48dc4c7c9151d34fd6__sGuard,REAL,False,469.9182963371277,,2,2,0,9,2,5,9,31.0,439.0,470.0,D1_validated_no_kill
1,rcx_unchecked_low_level_calls__0x610495793564aed0f9c7fc48dc4c7c9151d34fd6__sGuardPlus,REAL,True,464.9770257472992,,1,1,1,10,3,8,26,36.0,429.0,465.0,
1,rcx_unchecked_low_level_calls__0xa46edd6a9a93feec36576ee5048146870ea2c3ae__TIPS,REAL,True,501.3914647102356,no_test_generated,0,0,1,4,0,1,4,456.0,46.0,502.0,
1,rcx_unchecked_low_level_calls__0xa46edd6a9a93feec36576ee5048146870ea2c3ae__sGuard,REAL,True,530.4216339588165,no_test_generated,1,1,2,2,0,1,1,395.0,135.0,530.0,
1,rcx_unchecked_low_level_calls__0xb37f18af15bafb869a065b61fc83cfc44ed9cc27__SmartFix,REAL,False,468.4292142391205,,7,7,0,14,2,11,21,138.0,330.0,468.0,D1_validated_no_kill
1,rcx_unchecked_low_level_calls__0xb37f18af15bafb869a065b61fc83cfc44ed9cc27__TIPS,REAL,True,468.435439825058,,5,5,3,13,6,9,21,38.0,431.0,469.0,
1,rcx_unchecked_low_level_calls__0xb37f18af15bafb869a065b61fc83cfc44ed9cc27__sGuard,REAL,True,469.7849097251892,,5,5,1,13,3,10,24,44.0,426.0,470.0,
1,rcx_unchecked_low_level_calls__0xb37f18af15bafb869a065b61fc83cfc44ed9cc27__sGuardPlus,REAL,True,426.905152797699,,3,3,1,12,5,9,25,43.0,384.0,427.0,
1,rcx_unchecked_low_level_calls__0xd5967fed03e85d1cce44cab284695b41bc675b5c__TIPS,REAL,True,544.286717414856,,4,4,1,3,0,1,2,522.0,22.0,544.0,
1,rcx_unchecked_low_level_calls__0xd5967fed03e85d1cce44cab284695b41bc675b5c__sGuard,REAL,True,526.2733464241028,,2,2,1,3,0,1,0,520.0,6.0,526.0,
1,rcx_unchecked_low_level_calls__0xf29ebe930a539a60279ace72c707cba851a57707__TIPS,REAL,False,240.34358072280884,rcert_excluded,2,2,2,6,2,6,21,58.0,182.0,240.0,fake_fixture
1,rcx_unchecked_low_level_calls__0xf29ebe930a539a60279ace72c707cba851a57707__sGuard,REAL,False,0.026049137115478516,selection_empty,0,0,0,0,0,0,0,0.0,0.0,0.0,selection_failed
1,rcx_unchecked_low_level_calls__0xf29ebe930a539a60279ace72c707cba851a57707__sGuardPlus,REAL,False,402.9577693939209,rcert_excluded,1,1,1,6,1,6,21,86.0,317.0,403.0,fake_fixture
1,reprod_DCFToken,REAL,False,465.9935247898102,no_test_generated,0,0,0,9,0,4,12,386.0,80.0,466.0,D2b_synthesis_exhausted
2,acfix_002_Templedao,REAL,False,465.95092034339905,,3,3,0,10,0,4,1,425.0,41.0,466.0,D1_validated_no_kill
2,acfix_015_CVE_2018_10666,REAL,True,178.61692190170288,,7,7,3,10,0,8,9,18.0,160.0,178.0,
2,acfix_016_CVE_2018_10705,REAL,True,186.23631501197815,,6,6,1,11,0,6,1,79.0,107.0,186.0,
2,acfix_021_CVE_2018_19832,REAL,False,489.3708038330078,no_test_generated,0,0,0,6,0,0,0,490.0,0.0,490.0,D2a_mutation_barren
2,acfix_022_CVE_2018_19833,REAL,False,482.8902668952942,,4,4,0,9,9,9,24,188.0,295.0,483.0,D1_validated_no_kill
2,acfix_026_CVE_2019_15080,REAL,True,157.4494333267212,,7,7,2,11,0,8,12,19.0,138.0,157.0,
2,acfix_030_CVE_2021_34272,REAL,True,141.35297679901123,,6,6,2,9,0,7,11,19.0,122.0,141.0,
2,acfix_031_CVE_2021_34273,REAL,True,238.28138494491577,,5,5,1,14,0,9,16,34.0,204.0,238.0,
2,acfix_032_CVE_2021_39167,REAL,False,526.9093904495239,,4,4,0,9,0,7,21,314.0,213.0,527.0,D1_validated_no_kill
2,acfix_033_CVE_2021_39168,REAL,True,465.2898519039154,,3,3,1,10,0,7,24,231.0,234.0,465.0,
2,acfix_077_L1Block,REAL,True,83.46333003044128,,3,3,1,4,2,4,9,15.0,68.0,83.0,
2,acfix_088_EmergencyOracleFactory,REAL,True,507.6614422798157,,2,2,2,5,2,3,1,33.0,475.0,508.0,
2,acfix_3_5_015_CVE_2018_10666,REAL,True,224.11067819595337,,10,10,3,14,0,11,14,24.0,200.0,224.0,
2,acfix_3_5_016_CVE_2018_10705,REAL,True,192.34685373306274,,10,10,4,11,0,10,3,15.0,177.0,192.0,
2,acfix_3_5_076_RoundFactory,REAL,False,473.7728509902954,,10,10,0,15,0,11,8,341.0,133.0,474.0,D1_validated_no_kill
2,acfix_3_5_077_L1Block,REAL,False,484.9209773540497,,16,16,0,23,1,17,10,293.0,192.0,485.0,D1_validated_no_kill
2,acfix_3_5_088_EmergencyOracleFactory,REAL,True,599.0,,3,3,3,6,3,5,6,40.0,561.0,601.0,
2,acfix_3_5_101_ANCHToken,REAL,False,600.0,case_timeout,0,0,0,3,0,0,0,0.0,0.0,0.0,case_timeout
2,acfix_fixlink_DepositLog,REAL,True,466.8403000831604,,5,5,5,11,3,10,20,243.0,224.0,467.0,
2,acfix_fixlink_DnGmxBatchingManager,REAL,False,473.8108117580414,,8,8,0,16,0,12,20,175.0,299.0,474.0,D1_validated_no_kill
2,acfix_fixlink_MStableYieldSource,REAL,False,553.9848368167877,no_test_generated,0,0,0,3,0,0,0,554.0,0.0,554.0,D2a_mutation_barren
2,acfix_fixlink_Product,REAL,False,487.16478657722473,,1,1,0,12,0,7,24,37.0,450.0,487.0,D1_validated_no_kill
2,acfix_fixlink_Product2,REAL,False,463.72360396385193,no_test_generated,0,0,0,8,0,8,28,26.0,438.0,464.0,D2b_synthesis_exhausted
2,acfix_llama3_002_Templedao,REAL,False,529.9059717655182,,6,6,0,13,0,6,8,437.0,93.0,530.0,D1_validated_no_kill
2,acfix_llama3_017_CVE_2018_11329,REAL,True,540.0660877227783,,4,4,1,5,3,4,2,509.0,31.0,540.0,
2,acfix_llama3_022_CVE_2018_19833,REAL,False,492.60227155685425,,7,7,0,13,11,11,25,131.0,361.0,492.0,D1_validated_no_kill
2,acfix_llama3_024_CVE_2019_15078,REAL,True,553.9170565605164,,0,0,0,4,3,3,12,310.0,244.0,554.0,
2,acfix_real_BaseEscalationManager,REAL,True,240.72307705879211,,12,12,12,14,8,13,7,32.0,209.0,241.0,
2,acfix_real_FlashGovernanceArbiter,REAL,True,600.0,case_timeout,5,5,1,0,0,0,0,0.0,0.0,0.0,
2,ct_20_Pool_sol_Synth_sol_Failing_Max_Value_Al,REAL,True,482.99194264411926,no_test_generated,4,4,1,11,2,2,8,160.0,323.0,483.0,
2,ct_5_Proposals_can_be_cancelled,REAL,False,542.0451536178589,,4,4,0,9,1,5,1,500.0,42.0,542.0,D1_validated_no_kill
2,pop_001_Multicall,REAL,False,2.7755682468414307,selection_empty,0,0,0,0,0,0,0,2.0,0.0,2.0,selection_failed
2,pop_009_PrivatePool,REAL,False,507.58110427856445,,13,13,0,14,0,14,1,267.0,241.0,508.0,D1_validated_no_kill
2,pop_018_PrivatePool,REAL,False,523.0729923248291,,16,16,0,20,0,16,0,220.0,303.0,523.0,D1_validated_no_kill
2,pop_020_GSPFunding,REAL,False,600.0,case_timeout,0,0,0,7,2,2,5,427.0,235.0,662.0,case_timeout
2,pop_032_PuttyV2,REAL,True,1.0861215591430664,selection_failed:Slither failed to load temporary-source.sol (retried --via-ir): Invalid compilat,0,0,3,0,0,0,0,1.0,0.0,1.0,
2,pop_033_PrivatePool,REAL,False,528.6127920150757,,17,17,0,23,0,17,1,221.0,308.0,529.0,D1_validated_no_kill
2,pop_042_VaultAdapter,REAL,False,485.54985642433167,,1,1,0,11,0,8,25,31.0,454.0,485.0,D1_validated_no_kill
2,pop_046_CVXStaker,REAL,False,494.3457796573639,no_test_generated,0,0,0,16,0,14,55,92.0,403.0,495.0,D2b_synthesis_exhausted
2,pop_048_PrivatePool,REAL,False,504.4959628582001,,13,13,0,18,0,15,4,223.0,282.0,505.0,D1_validated_no_kill
2,pop_049_Cooler,REAL,False,475.8603343963623,,1,1,0,10,0,7,23,17.0,459.0,476.0,D1_validated_no_kill
2,pop_051_LiquidityPool,REAL,False,600.0,case_timeout,0,0,0,0,0,0,0,0.0,0.0,0.0,case_timeout
2,pop_058_PuttyV2,REAL,False,0.8893921375274658,selection_failed:Slither failed to load temporary-source.sol (retried --via-ir): Invalid compilat,0,0,0,0,0,0,0,1.0,0.0,1.0,selection_failed
2,pop_066_LRTDepositPool,REAL,False,474.8917980194092,,1,1,0,11,0,9,31,88.0,387.0,475.0,D1_validated_no_kill
2,pop_070_PhiNFT1155,REAL,False,470.31294679641724,,1,1,0,6,0,3,6,380.0,90.0,470.0,D1_validated_no_kill
2,pop_077_GameItems,REAL,False,489.4346215724945,,1,1,0,8,0,5,15,200.0,290.0,490.0,D1_validated_no_kill
2,pop_077_MergingPool,REAL,False,600.0,no_test_generated,0,0,0,2,0,0,0,631.0,0.0,631.0,D2a_mutation_barren
2,rc_access_control__mycontract__SolGPT__mycontract_2round,BENCH,True,392.69796109199524,,4,4,1,6,5,6,16,118.0,275.0,393.0,
2,rc_access_control__mycontract__SolGPT__mycontract_3round,BENCH,True,468.52923250198364,,4,4,2,8,7,8,16,99.0,369.0,468.0,
2,rc_access_control__mycontract__sGuard__mycontract,BENCH,True,122.50608396530151,,2,2,1,3,1,3,6,10.0,113.0,123.0,
2,rc_access_control__phishable__SmartFix__phishable,BENCH,True,302.62904143333435,,5,5,0,7,7,7,13,22.0,281.0,303.0,
2,rc_access_control__phishable__TIPS__phishable,BENCH,True,222.51993227005005,,4,4,1,5,5,5,8,17.0,206.0,223.0,
2,rc_access_control__phishable__sGuardPlus__phishable,BENCH,True,418.1427307128906,,7,7,4,8,8,8,16,24.0,395.0,419.0,
2,rc_access_control__phishable__sGuard__phishable,BENCH,True,214.26034140586853,,3,3,1,4,4,4,5,16.0,198.0,214.0,
2,rc_access_control__proxy__SolGPT__proxy_4round,BENCH,True,406.61950755119324,,3,3,1,5,5,5,9,94.0,312.0,406.0,
2,rc_access_control__simple_suicide__SmartFix__simple_suicide,BENCH,True,340.2417516708374,,3,3,3,4,3,4,4,14.0,326.0,340.0,
2,rc_access_control__simple_suicide__sGuardPlus__simple_suicide,BENCH,True,131.8728950023651,,1,1,1,3,0,3,10,11.0,121.0,132.0,
2,rc_access_control__wallet_02_refund_nosub__SmartFix__wallet_02_refund_nosub,BENCH,False,467.9832329750061,,3,3,0,11,6,11,33,81.0,387.0,468.0,D1_validated_no_kill
2,rc_access_control__wallet_02_refund_nosub__SolGPT__wallet_02_refund_nosub_2round,BENCH,False,464.8508839607239,,1,1,0,11,5,10,34,32.0,433.0,465.0,D1_validated_no_kill
2,rc_bad_randomness__old_blockhash__SolGPT__old_blockhash_1round,BENCH,True,348.83923625946045,,6,6,2,9,3,9,27,40.0,309.0,349.0,
2,rc_bad_randomness__old_blockhash__SolGPT__old_blockhash_2round,BENCH,True,566.3706448078156,,2,2,1,12,2,10,32,91.0,476.0,567.0,
2,rc_bad_randomness__old_blockhash__SolGPT__old_blockhash_3round,BENCH,True,465.1348247528076,,4,4,2,11,2,10,36,94.0,371.0,465.0,
2,rc_reentrancy__modifier_reentrancy__SmartFix__modifier_reentrancy,BENCH,False,473.6560859680176,,2,2,0,14,0,7,14,109.0,364.0,473.0,D1_validated_no_kill
2,rc_reentrancy__reentrancy_bonus__SmartFix__reentrancy_bonus,BENCH,True,463.8924434185028,,1,1,1,5,1,4,10,70.0,394.0,464.0,
2,rc_reentrancy__reentrancy_dao__SolGPT__reentrancy_dao_1round,BENCH,True,112.0235435962677,,4,4,0,4,0,4,14,11.0,101.0,112.0,
2,rc_reentrancy__reentrancy_dao__SolGPT__reentrancy_dao_4round,BENCH,True,152.9085714817047,,1,1,1,4,0,4,13,16.0,137.0,153.0,
2,rc_reentrancy__reentrancy_dao__sGuardPlus__reentrancy_dao,BENCH,False,217.9383487701416,,2,2,0,6,0,6,16,21.0,197.0,218.0,D1_validated_no_kill
2,rc_reentrancy__reentrancy_simple__SmartFix__reentrancy_simple,BENCH,True,503.5636999607086,,11,11,6,15,7,13,21,197.0,306.0,503.0,
2,rc_reentrancy__reentrancy_simple__sGuard__reentrancy_simple,BENCH,False,325.5474421977997,,7,7,0,16,1,12,21,115.0,210.0,325.0,D1_validated_no_kill
2,rc_time_manipulation__ether_lotto__SolGPT__ether_lotto_1round,BENCH,True,472.63983058929443,,3,3,3,10,5,7,15,54.0,419.0,473.0,
2,rc_time_manipulation__ether_lotto__SolGPT__ether_lotto_2round,BENCH,False,473.08878469467163,,1,1,0,6,4,5,10,121.0,352.0,473.0,revoked_unparam
2,rc_time_manipulation__ether_lotto__SolGPT__ether_lotto_3round,BENCH,True,486.4900996685028,,1,1,1,4,4,4,10,18.0,469.0,487.0,
2,rc_time_manipulation__roulette__SolGPT__roulette_1round,BENCH,True,432.2415475845337,,4,4,3,11,0,10,28,20.0,412.0,432.0,
2,rc_time_manipulation__roulette__SolGPT__roulette_2round,BENCH,True,224.15905666351318,,5,5,3,8,0,7,15,14.0,210.0,224.0,
2,rc_time_manipulation__roulette__SolGPT__roulette_3round,BENCH,True,238.07700037956238,,2,2,2,6,0,5,17,11.0,227.0,238.0,
2,rc_time_manipulation__roulette__SolGPT__roulette_4round,BENCH,True,421.83981561660767,,7,7,3,11,0,10,28,19.0,403.0,422.0,
2,rc_unchecked_low_level_calls__0x07f7ecb66d788ab01dc93b9b71a88401de7d0f2e__SolGPT__0x07f7ecb66d788ab01dc93b9b71a88401de7d0f2e_3round,REAL,False,551.2878246307373,,18,18,0,8,8,8,4,408.0,144.0,552.0,
2,rc_unchecked_low_level_calls__0x2972d548497286d18e92b5fa1f8f9139e5653fd2__SolGPT__0x2972d548497286d18e92b5fa1f8f9139e5653fd2_3round,REAL,False,543.4116296768188,no_test_generated,0,0,0,3,0,0,0,544.0,0.0,544.0,D2a_mutation_barren
2,rc_unchecked_low_level_calls__0x4051334adc52057aca763453820cb0e045076ef3__SolGPT__0x4051334adc52057aca763453820cb0e045076ef3_2round,REAL,False,546.8238933086395,,1,1,0,3,0,1,4,522.0,25.0,547.0,D1_validated_no_kill
2,rc_unchecked_low_level_calls__0x4051334adc52057aca763453820cb0e045076ef3__SolGPT__0x4051334adc52057aca763453820cb0e045076ef3_3round,REAL,True,546.870548248291,no_test_generated,6,6,0,3,0,0,0,547.0,0.0,547.0,
2,rc_unchecked_low_level_calls__0x4b71ad9c1a84b9b643aa54fdd66e2dec96e8b152__SolGPT__0x4b71ad9c1a84b9b643aa54fdd66e2dec96e8b152_1round,REAL,True,477.48413944244385,,10,10,1,3,0,1,2,463.0,14.0,477.0,
2,rc_unchecked_low_level_calls__0x4b71ad9c1a84b9b643aa54fdd66e2dec96e8b152__SolGPT__0x4b71ad9c1a84b9b643aa54fdd66e2dec96e8b152_2round,REAL,True,533.7046551704407,,12,12,2,3,0,1,0,529.0,5.0,534.0,
2,rc_unchecked_low_level_calls__0x4b71ad9c1a84b9b643aa54fdd66e2dec96e8b152__SolGPT__0x4b71ad9c1a84b9b643aa54fdd66e2dec96e8b152_3round,REAL,False,547.3696682453156,no_test_generated,0,0,0,3,0,0,0,547.0,0.0,547.0,D2a_mutation_barren
2,rc_unchecked_low_level_calls__0x7d09edb07d23acb532a82be3da5c17d9d85806b4__TIPS__0x7d09edb07d23acb532a82be3da5c17d9d85806b4U2,REAL,False,486.6946177482605,,5,5,0,8,7,7,4,354.0,133.0,487.0,D1_validated_no_kill
2,rc_unchecked_low_level_calls__0xa1fceeff3acc57d257b917e30c4df661401d6431__SolGPT__0xa1fceeff3acc57d257b917e30c4df661401d6431_1round,REAL,False,477.1158096790314,,1,1,0,4,0,1,0,466.0,11.0,477.0,D1_validated_no_kill
2,rc_unchecked_low_level_calls__0xb7c5c5aa4d42967efe906e1b66cb8df9cebf04f7__sGuardPlus__0xb7c5c5aa4d42967efe906e1b66cb8df9cebf04f7,REAL,True,230.76079487800598,,3,3,1,7,0,7,21,57.0,174.0,231.0,
2,rc_unchecked_low_level_calls__0xe894d54dca59cb53fe9cbc5155093605c7068220__TIPS__0xe894d54dca59cb53fe9cbc5155093605c7068220U1,REAL,True,561.7699069976807,,2,2,1,3,0,2,2,536.0,26.0,562.0,
2,rcx_reentrancy__0x23a91059fdc9579a9fbd0edc5f2ea0bfdb70deb4__SmartFix,REAL,False,476.3636040687561,,9,9,0,5,3,3,7,389.0,87.0,476.0,budget_truncated
2,rcx_reentrancy__0x4320e6f8c05b27ab4707cd1f6d5ce6f3e4b3a5a1__SmartFix,REAL,False,600.0,case_timeout,0,0,0,4,3,3,6,446.0,90.0,536.0,case_timeout
2,rcx_reentrancy__0x4e73b32ed6c35f570686b89848e5f39f20ecc106__SmartFix,REAL,False,600.0,,1,1,0,5,3,3,8,519.0,143.0,662.0,D1_validated_no_kill
2,rcx_reentrancy__0x561eac93c92360949ab1f1403323e6db345cbf31__SmartFix,REAL,False,521.2274746894836,,3,3,0,6,6,6,13,252.0,269.0,521.0,revoked_unparam
2,rcx_reentrancy__0x7b368c4e805c3870b6c49a3f1f49f69af8662cf3__SmartFix,REAL,False,484.4452874660492,,1,1,0,7,3,7,26,147.0,337.0,484.0,D1_validated_no_kill
2,rcx_reentrancy__0x7b368c4e805c3870b6c49a3f1f49f69af8662cf3__sGuard,REAL,True,505.7230293750763,no_test_generated,4,4,1,5,1,5,17,219.0,287.0,506.0,
2,rcx_reentrancy__0x93c32845fae42c83a70e5f06214c8433665c2ab5__SmartFix,REAL,False,499.6402142047882,,1,1,0,10,3,10,36,144.0,356.0,500.0,D1_validated_no_kill
2,rcx_reentrancy__0x93c32845fae42c83a70e5f06214c8433665c2ab5__sGuard,REAL,False,508.8947579860687,no_test_generated,0,0,0,6,2,6,23,227.0,282.0,509.0,budget_truncated
2,rcx_reentrancy__0x96edbe868531bd23a6c05e9d0c424ea64fb1b78b__SmartFix,REAL,False,476.0793778896332,,8,8,0,13,8,11,18,268.0,208.0,476.0,D1_validated_no_kill
2,rcx_reentrancy__0x96edbe868531bd23a6c05e9d0c424ea64fb1b78b__sGuard,REAL,False,470.17586064338684,,4,4,0,14,4,10,20,138.0,333.0,471.0,D1_validated_no_kill
2,rcx_reentrancy__0xaae1f51cf3339f18b6d3f3bdc75a5facd744b0b8__SmartFix,REAL,True,469.89980602264404,,6,6,0,4,4,4,9,281.0,189.0,470.0,
2,rcx_reentrancy__0xb5e1b1ee15c6fa0e48fce100125569d430f1bd12__SmartFix,REAL,False,469.58640909194946,,1,1,0,5,2,3,4,310.0,159.0,469.0,D1_validated_no_kill
2,rcx_reentrancy__0xbe4041d55db380c5ae9d4a9b9703f1ed4e7e3888__SmartFix,REAL,False,477.9196035861969,,4,4,0,12,4,11,28,177.0,301.0,478.0,D1_validated_no_kill
2,rcx_reentrancy__0xbe4041d55db380c5ae9d4a9b9703f1ed4e7e3888__sGuard,REAL,False,469.31567430496216,,1,1,0,10,5,5,14,113.0,357.0,470.0,D1_validated_no_kill
2,rcx_reentrancy__0xf015c35649c82f5467c9c74b7f28ee67665aad68__SmartFix,REAL,False,470.2405734062195,,1,1,0,9,6,9,29,148.0,322.0,470.0,D1_validated_no_kill
2,rcx_reentrancy__0xf015c35649c82f5467c9c74b7f28ee67665aad68__sGuard,REAL,False,524.8509936332703,no_test_generated,1,1,0,8,1,8,29,229.0,296.0,525.0,budget_truncated
2,rcx_unchecked_low_level_calls__0x3e013fc32a54c4c5b6991ba539dcd0ec4355c859__SmartFix,REAL,True,470.20290899276733,,2,2,1,12,4,8,21,145.0,325.0,470.0,
2,rcx_unchecked_low_level_calls__0x4a66ad0bca2d700f11e1f2fc2c106f7d3264504c__SmartFix,REAL,False,582.2152581214905,,1,1,0,3,0,1,4,524.0,58.0,582.0,D1_validated_no_kill
2,rcx_unchecked_low_level_calls__0x4a66ad0bca2d700f11e1f2fc2c106f7d3264504c__TIPS,REAL,False,545.9778234958649,,1,1,0,3,0,1,3,512.0,34.0,546.0,D1_validated_no_kill
2,rcx_unchecked_low_level_calls__0x4a66ad0bca2d700f11e1f2fc2c106f7d3264504c__sGuard,REAL,False,531.6184704303741,,1,1,0,3,0,1,0,522.0,10.0,532.0,D1_validated_no_kill
2,rcx_unchecked_low_level_calls__0x5aa88d2901c68fda244f1d0584400368d2c8e739__SmartFix,REAL,True,500.6295108795166,,4,4,2,13,2,9,22,212.0,289.0,501.0,
2,rcx_unchecked_low_level_calls__0x610495793564aed0f9c7fc48dc4c7c9151d34fd6__SmartFix,REAL,False,466.4665699005127,,4,4,0,12,2,9,21,140.0,327.0,467.0,D1_validated_no_kill
2,rcx_unchecked_low_level_calls__0x610495793564aed0f9c7fc48dc4c7c9151d34fd6__TIPS,REAL,True,485.2297902107239,,5,5,2,13,7,9,15,43.0,443.0,486.0,
2,rcx_unchecked_low_level_calls__0x610495793564aed0f9c7fc48dc4c7c9151d34fd6__sGuard,REAL,False,467.52768111228943,,3,3,0,17,4,11,29,157.0,310.0,467.0,D1_validated_no_kill
2,rcx_unchecked_low_level_calls__0x610495793564aed0f9c7fc48dc4c7c9151d34fd6__sGuardPlus,REAL,True,354.2926495075226,,3,3,1,13,4,10,29,34.0,320.0,354.0,
2,rcx_unchecked_low_level_calls__0xa46edd6a9a93feec36576ee5048146870ea2c3ae__TIPS,REAL,True,465.058801651001,no_test_generated,0,0,3,2,0,2,3,403.0,62.0,465.0,
2,rcx_unchecked_low_level_calls__0xa46edd6a9a93feec36576ee5048146870ea2c3ae__sGuard,REAL,True,563.1829569339752,no_test_generated,1,1,0,4,0,1,4,523.0,40.0,563.0,
2,rcx_unchecked_low_level_calls__0xb37f18af15bafb869a065b61fc83cfc44ed9cc27__SmartFix,REAL,False,467.968718290329,,4,4,0,12,2,10,28,155.0,313.0,468.0,D1_validated_no_kill
2,rcx_unchecked_low_level_calls__0xb37f18af15bafb869a065b61fc83cfc44ed9cc27__TIPS,REAL,True,482.198166847229,,6,6,2,13,6,11,30,47.0,436.0,483.0,
2,rcx_unchecked_low_level_calls__0xb37f18af15bafb869a065b61fc83cfc44ed9cc27__sGuard,REAL,True,419.0143904685974,,2,2,1,13,1,10,32,49.0,370.0,419.0,
2,rcx_unchecked_low_level_calls__0xb37f18af15bafb869a065b61fc83cfc44ed9cc27__sGuardPlus,REAL,True,534.0466511249542,,2,2,1,9,3,7,24,41.0,493.0,534.0,
2,rcx_unchecked_low_level_calls__0xd5967fed03e85d1cce44cab284695b41bc675b5c__TIPS,REAL,True,600.0,case_timeout,1,1,1,4,1,2,3,459.0,142.0,601.0,
2,rcx_unchecked_low_level_calls__0xd5967fed03e85d1cce44cab284695b41bc675b5c__sGuard,REAL,True,582.7557702064514,,2,2,2,4,0,1,1,571.0,12.0,583.0,
2,rcx_unchecked_low_level_calls__0xf29ebe930a539a60279ace72c707cba851a57707__TIPS,REAL,False,248.1671166419983,rcert_excluded,1,1,1,6,1,6,21,70.0,178.0,248.0,fake_fixture
2,rcx_unchecked_low_level_calls__0xf29ebe930a539a60279ace72c707cba851a57707__sGuard,REAL,False,0.03281831741333008,selection_empty,0,0,0,0,0,0,0,0.0,0.0,0.0,selection_failed
2,rcx_unchecked_low_level_calls__0xf29ebe930a539a60279ace72c707cba851a57707__sGuardPlus,REAL,False,417.08459424972534,rcert_excluded,3,3,3,8,3,7,19,79.0,338.0,417.0,fake_fixture
2,reprod_DCFToken,REAL,False,472.7547130584717,no_test_generated,0,0,0,9,0,2,8,431.0,41.0,472.0,D2b_synthesis_exhausted
3,acfix_002_Templedao,REAL,False,519.3776385784149,,3,3,0,12,0,3,0,500.0,20.0,520.0,D1_validated_no_kill
3,acfix_015_CVE_2018_10666,REAL,True,196.43667125701904,,10,10,3,14,0,10,4,75.0,122.0,197.0,
3,acfix_016_CVE_2018_10705,REAL,True,63.73483109474182,,4,4,2,5,0,4,4,10.0,54.0,64.0,
3,acfix_021_CVE_2018_19832,REAL,False,600.0,case_timeout,0,0,0,14,0,9,32,23.0,294.0,317.0,case_timeout
3,acfix_022_CVE_2018_19833,REAL,True,522.1723294258118,,2,2,1,5,3,5,16,125.0,398.0,523.0,
3,acfix_026_CVE_2019_15080,REAL,True,401.0855076313019,,9,9,2,11,0,10,22,19.0,382.0,401.0,
3,acfix_030_CVE_2021_34272,REAL,True,197.28829979896545,,9,9,3,11,0,10,13,20.0,178.0,198.0,
3,acfix_031_CVE_2021_34273,REAL,True,131.55604887008667,,9,9,2,10,0,9,7,18.0,114.0,132.0,
3,acfix_032_CVE_2021_39167,REAL,False,499.0094437599182,,2,2,0,10,0,9,28,279.0,220.0,499.0,D1_validated_no_kill
3,acfix_033_CVE_2021_39168,REAL,False,500.00251483917236,,3,3,0,9,0,8,26,259.0,241.0,500.0,D1_validated_no_kill
3,acfix_077_L1Block,REAL,True,34.77482604980469,,2,2,1,2,0,2,1,12.0,23.0,35.0,
3,acfix_088_EmergencyOracleFactory,REAL,True,402.7166554927826,,1,1,1,2,1,2,5,15.0,388.0,403.0,
3,acfix_3_5_015_CVE_2018_10666,REAL,True,264.00176668167114,,10,10,4,12,0,10,8,20.0,244.0,264.0,
3,acfix_3_5_016_CVE_2018_10705,REAL,True,277.9361503124237,,9,9,2,16,0,11,8,34.0,244.0,278.0,
3,acfix_3_5_076_RoundFactory,REAL,False,499.50386571884155,,9,9,0,14,1,10,11,311.0,188.0,499.0,D1_validated_no_kill
3,acfix_3_5_077_L1Block,REAL,False,571.9539513587952,,19,19,0,24,1,20,3,249.0,323.0,572.0,D1_validated_no_kill
3,acfix_3_5_088_EmergencyOracleFactory,REAL,True,515.9011228084564,,2,2,2,4,2,3,1,28.0,488.0,516.0,
3,acfix_3_5_101_ANCHToken,REAL,False,600.0,case_timeout,0,0,0,3,0,0,0,1.0,0.0,1.0,case_timeout
3,acfix_fixlink_DepositLog,REAL,True,468.4129469394684,,8,8,6,16,8,14,29,196.0,272.0,468.0,
3,acfix_fixlink_DnGmxBatchingManager,REAL,False,469.99809169769287,,6,6,0,18,0,12,27,139.0,331.0,470.0,D1_validated_no_kill
3,acfix_fixlink_MStableYieldSource,REAL,False,492.1123411655426,no_test_generated,0,0,0,19,0,13,48,32.0,460.0,492.0,D2b_synthesis_exhausted
3,acfix_fixlink_Product,REAL,False,470.8841395378113,no_test_generated,0,0,0,13,0,6,21,27.0,443.0,470.0,D2b_synthesis_exhausted
3,acfix_fixlink_Product2,REAL,False,469.4958653450012,,2,2,0,16,0,9,24,31.0,439.0,470.0,D1_validated_no_kill
3,acfix_llama3_002_Templedao,REAL,False,535.1119060516357,,7,7,0,12,2,7,2,461.0,74.0,535.0,D1_validated_no_kill
3,acfix_llama3_017_CVE_2018_11329,REAL,True,543.6299893856049,,4,4,2,5,4,4,5,437.0,106.0,543.0,
3,acfix_llama3_022_CVE_2018_19833,REAL,False,480.17020082473755,,23,23,0,45,0,31,42,63.0,417.0,480.0,D1_validated_no_kill
3,acfix_llama3_024_CVE_2019_15078,REAL,False,600.0,,1,1,0,6,3,3,5,488.0,124.0,612.0,D1_validated_no_kill
3,acfix_real_BaseEscalationManager,REAL,True,309.3060052394867,,8,8,8,14,4,11,13,29.0,280.0,309.0,
3,acfix_real_FlashGovernanceArbiter,REAL,True,600.0,case_timeout,6,6,1,0,0,0,0,0.0,0.0,0.0,
3,ct_20_Pool_sol_Synth_sol_Failing_Max_Value_Al,REAL,False,465.3738157749176,no_test_generated,0,0,0,14,0,5,18,20.0,446.0,466.0,D2b_synthesis_exhausted
3,ct_5_Proposals_can_be_cancelled,REAL,False,542.5020132064819,,2,2,0,9,3,5,5,478.0,64.0,542.0,D1_validated_no_kill
3,pop_001_Multicall,REAL,False,3.562825918197632,selection_empty,0,0,0,0,0,0,0,3.0,0.0,3.0,selection_failed
3,pop_009_PrivatePool,REAL,False,495.12296867370605,,10,10,0,13,0,12,11,161.0,334.0,495.0,D1_validated_no_kill
3,pop_018_PrivatePool,REAL,False,486.80825543403625,,7,7,0,11,0,9,6,254.0,233.0,487.0,D1_validated_no_kill
3,pop_020_GSPFunding,REAL,False,555.0669000148773,no_test_generated,0,0,0,10,0,2,4,19.0,536.0,555.0,D2b_synthesis_exhausted
3,pop_032_PuttyV2,REAL,True,0.7846050262451172,selection_failed:Slither failed to load temporary-source.sol (retried --via-ir): Invalid compilat,0,0,1,0,0,0,0,1.0,0.0,1.0,
3,pop_033_PrivatePool,REAL,False,519.0417320728302,,16,16,0,23,0,16,3,272.0,247.0,519.0,D1_validated_no_kill
3,pop_042_VaultAdapter,REAL,False,471.4653277397156,,1,1,0,13,0,9,29,30.0,441.0,471.0,D1_validated_no_kill
3,pop_046_CVXStaker,REAL,False,464.26211071014404,no_test_generated,0,0,0,22,0,16,62,26.0,438.0,464.0,D2b_synthesis_exhausted
3,pop_048_PrivatePool,REAL,False,525.4068379402161,,18,18,0,19,0,18,2,230.0,296.0,526.0,D1_validated_no_kill
3,pop_049_Cooler,REAL,False,465.48547172546387,,1,1,0,9,0,6,22,15.0,450.0,465.0,D1_validated_no_kill
3,pop_051_LiquidityPool,REAL,False,600.0,case_timeout,0,0,0,0,0,0,0,0.0,0.0,0.0,case_timeout
3,pop_058_PuttyV2,REAL,False,0.843580961227417,selection_failed:Slither failed to load temporary-source.sol (retried --via-ir): Invalid compilat,0,0,0,0,0,0,0,1.0,0.0,1.0,selection_failed
3,pop_066_LRTDepositPool,REAL,False,473.3342411518097,,3,3,0,14,0,11,35,76.0,398.0,474.0,D1_validated_no_kill
3,pop_070_PhiNFT1155,REAL,False,487.2329239845276,,1,1,0,6,0,2,6,421.0,66.0,487.0,D1_validated_no_kill
3,pop_077_GameItems,REAL,False,487.47338604927063,,4,4,0,11,0,7,20,310.0,178.0,488.0,D1_validated_no_kill
3,pop_077_MergingPool,REAL,False,471.0541696548462,no_test_generated,0,0,0,12,0,8,27,36.0,435.0,471.0,D2b_synthesis_exhausted
3,rc_access_control__mycontract__SolGPT__mycontract_2round,BENCH,True,356.6426451206207,,1,1,1,5,4,5,17,15.0,341.0,356.0,
3,rc_access_control__mycontract__SolGPT__mycontract_3round,BENCH,True,139.18093490600586,,3,3,2,5,4,5,9,13.0,126.0,139.0,
3,rc_access_control__mycontract__sGuard__mycontract,BENCH,False,75.59676671028137,,1,1,0,3,0,3,12,3.0,72.0,75.0,D1_validated_no_kill
3,rc_access_control__phishable__SmartFix__phishable,BENCH,True,146.90610361099243,,3,3,2,4,4,4,6,10.0,137.0,147.0,
3,rc_access_control__phishable__TIPS__phishable,BENCH,True,186.6891791820526,,3,3,1,5,5,5,9,14.0,172.0,186.0,
3,rc_access_control__phishable__sGuardPlus__phishable,BENCH,True,87.25887608528137,,4,4,2,5,0,5,7,5.0,82.0,87.0,
3,rc_access_control__phishable__sGuard__phishable,BENCH,True,358.9729657173157,,7,7,2,9,9,9,13,26.0,333.0,359.0,
3,rc_access_control__proxy__SolGPT__proxy_4round,BENCH,True,300.62203884124756,,4,4,2,4,4,4,3,13.0,287.0,300.0,
3,rc_access_control__simple_suicide__SmartFix__simple_suicide,BENCH,True,63.889270305633545,,2,2,2,2,2,2,2,6.0,58.0,64.0,
3,rc_access_control__simple_suicide__sGuardPlus__simple_suicide,BENCH,True,58.079848527908325,,4,4,3,4,1,4,1,10.0,48.0,58.0,
3,rc_access_control__wallet_02_refund_nosub__SmartFix__wallet_02_refund_nosub,BENCH,True,469.80103850364685,,3,3,1,11,7,10,24,52.0,418.0,470.0,
3,rc_access_control__wallet_02_refund_nosub__SolGPT__wallet_02_refund_nosub_2round,BENCH,False,466.22765040397644,,4,4,0,17,0,15,50,19.0,447.0,466.0,D1_validated_no_kill
3,rc_bad_randomness__old_blockhash__SolGPT__old_blockhash_1round,BENCH,True,471.5001657009125,,2,2,1,11,0,11,40,16.0,455.0,471.0,
3,rc_bad_randomness__old_blockhash__SolGPT__old_blockhash_2round,BENCH,True,412.1991813182831,,1,1,1,11,0,11,39,17.0,395.0,412.0,
3,rc_bad_randomness__old_blockhash__SolGPT__old_blockhash_3round,BENCH,True,466.12797451019287,,2,2,2,12,0,12,41,18.0,449.0,467.0,
3,rc_reentrancy__modifier_reentrancy__SmartFix__modifier_reentrancy,BENCH,False,463.7698743343353,,1,1,0,15,0,5,15,260.0,203.0,463.0,D1_validated_no_kill
3,rc_reentrancy__reentrancy_bonus__SmartFix__reentrancy_bonus,BENCH,False,503.8738634586334,,0,0,0,8,4,8,25,60.0,444.0,504.0,D1_validated_no_kill
3,rc_reentrancy__reentrancy_dao__SolGPT__reentrancy_dao_1round,BENCH,True,201.80131316184998,,2,2,1,5,0,5,16,17.0,185.0,202.0,
3,rc_reentrancy__reentrancy_dao__SolGPT__reentrancy_dao_4round,BENCH,True,303.789057970047,,3,3,1,8,0,8,30,25.0,279.0,304.0,
3,rc_reentrancy__reentrancy_dao__sGuardPlus__reentrancy_dao,BENCH,False,351.6259346008301,,1,1,0,8,0,8,30,25.0,326.0,351.0,D1_validated_no_kill
3,rc_reentrancy__reentrancy_simple__SmartFix__reentrancy_simple,BENCH,True,348.66700625419617,,15,15,3,24,0,21,26,33.0,316.0,349.0,
3,rc_reentrancy__reentrancy_simple__sGuard__reentrancy_simple,BENCH,False,302.5868093967438,,10,10,0,19,0,17,26,26.0,277.0,303.0,D1_validated_no_kill
3,rc_time_manipulation__ether_lotto__SolGPT__ether_lotto_1round,BENCH,True,491.85975551605225,,4,4,1,6,6,6,6,24.0,468.0,492.0,
3,rc_time_manipulation__ether_lotto__SolGPT__ether_lotto_2round,BENCH,True,600.0,,1,1,1,6,4,5,13,84.0,542.0,626.0,
3,rc_time_manipulation__ether_lotto__SolGPT__ether_lotto_3round,BENCH,True,600.0,,0,0,1,13,0,9,28,22.0,343.0,365.0,
3,rc_time_manipulation__roulette__SolGPT__roulette_1round,BENCH,True,321.2622272968292,,5,5,3,10,0,9,22,15.0,307.0,322.0,
3,rc_time_manipulation__roulette__SolGPT__roulette_2round,BENCH,True,331.457058429718,,5,5,2,10,0,9,20,17.0,314.0,331.0,
3,rc_time_manipulation__roulette__SolGPT__roulette_3round,BENCH,True,231.13566780090332,,5,5,4,9,0,8,17,13.0,218.0,231.0,
3,rc_time_manipulation__roulette__SolGPT__roulette_4round,BENCH,True,247.97291684150696,,3,3,2,6,0,5,14,10.0,238.0,248.0,
3,rc_unchecked_low_level_calls__0x07f7ecb66d788ab01dc93b9b71a88401de7d0f2e__SolGPT__0x07f7ecb66d788ab01dc93b9b71a88401de7d0f2e_3round,REAL,False,525.1994326114655,,7,7,0,11,9,9,12,259.0,267.0,526.0,D1_validated_no_kill
3,rc_unchecked_low_level_calls__0x2972d548497286d18e92b5fa1f8f9139e5653fd2__SolGPT__0x2972d548497286d18e92b5fa1f8f9139e5653fd2_3round,REAL,True,172.4975609779358,,4,4,1,8,0,6,14,13.0,160.0,173.0,
3,rc_unchecked_low_level_calls__0x4051334adc52057aca763453820cb0e045076ef3__SolGPT__0x4051334adc52057aca763453820cb0e045076ef3_2round,REAL,True,97.56593680381775,,5,5,1,6,0,6,7,10.0,87.0,97.0,
3,rc_unchecked_low_level_calls__0x4051334adc52057aca763453820cb0e045076ef3__SolGPT__0x4051334adc52057aca763453820cb0e045076ef3_3round,REAL,True,143.7653293609619,,6,6,1,8,0,7,9,13.0,131.0,144.0,
3,rc_unchecked_low_level_calls__0x4b71ad9c1a84b9b643aa54fdd66e2dec96e8b152__SolGPT__0x4b71ad9c1a84b9b643aa54fdd66e2dec96e8b152_1round,REAL,True,81.04274559020996,,5,5,1,6,0,5,3,12.0,69.0,81.0,
3,rc_unchecked_low_level_calls__0x4b71ad9c1a84b9b643aa54fdd66e2dec96e8b152__SolGPT__0x4b71ad9c1a84b9b643aa54fdd66e2dec96e8b152_2round,REAL,True,116.10392880439758,,7,7,2,8,0,7,7,14.0,102.0,116.0,
3,rc_unchecked_low_level_calls__0x4b71ad9c1a84b9b643aa54fdd66e2dec96e8b152__SolGPT__0x4b71ad9c1a84b9b643aa54fdd66e2dec96e8b152_3round,REAL,True,44.32637619972229,,16,16,1,6,0,4,1,8.0,36.0,44.0,
3,rc_unchecked_low_level_calls__0x7d09edb07d23acb532a82be3da5c17d9d85806b4__TIPS__0x7d09edb07d23acb532a82be3da5c17d9d85806b4U2,REAL,False,530.7688252925873,,3,3,0,8,6,7,15,283.0,247.0,530.0,D1_validated_no_kill
3,rc_unchecked_low_level_calls__0xa1fceeff3acc57d257b917e30c4df661401d6431__SolGPT__0xa1fceeff3acc57d257b917e30c4df661401d6431_1round,REAL,True,228.7801730632782,,4,4,2,6,0,6,7,10.0,218.0,228.0,
3,rc_unchecked_low_level_calls__0xb7c5c5aa4d42967efe906e1b66cb8df9cebf04f7__sGuardPlus__0xb7c5c5aa4d42967efe906e1b66cb8df9cebf04f7,REAL,True,250.43239545822144,,5,5,2,11,0,10,23,14.0,236.0,250.0,
3,rc_unchecked_low_level_calls__0xe894d54dca59cb53fe9cbc5155093605c7068220__TIPS__0xe894d54dca59cb53fe9cbc5155093605c7068220U1,REAL,False,523.4679551124573,,1,1,0,3,0,1,0,518.0,6.0,524.0,D1_validated_no_kill
3,rcx_reentrancy__0x23a91059fdc9579a9fbd0edc5f2ea0bfdb70deb4__SmartFix,REAL,False,546.3826143741608,,0,0,0,4,3,3,7,345.0,202.0,547.0,budget_truncated
3,rcx_reentrancy__0x4320e6f8c05b27ab4707cd1f6d5ce6f3e4b3a5a1__SmartFix,REAL,False,578.7015810012817,,1,1,0,4,3,3,8,422.0,157.0,579.0,D1_validated_no_kill
3,rcx_reentrancy__0x4e73b32ed6c35f570686b89848e5f39f20ecc106__SmartFix,REAL,False,523.0493025779724,,3,3,0,6,4,5,11,321.0,202.0,523.0,D1_validated_no_kill
3,rcx_reentrancy__0x561eac93c92360949ab1f1403323e6db345cbf31__SmartFix,REAL,False,483.9545886516571,,1,1,0,4,3,3,10,292.0,192.0,484.0,D1_validated_no_kill
3,rcx_reentrancy__0x7b368c4e805c3870b6c49a3f1f49f69af8662cf3__SmartFix,REAL,False,344.4771134853363,no_test_generated,0,0,0,10,0,10,40,16.0,328.0,344.0,D2b_synthesis_exhausted
3,rcx_reentrancy__0x7b368c4e805c3870b6c49a3f1f49f69af8662cf3__sGuard,REAL,False,462.816531419754,no_test_generated,0,0,0,14,0,11,37,21.0,442.0,463.0,D2b_synthesis_exhausted
3,rcx_reentrancy__0x93c32845fae42c83a70e5f06214c8433665c2ab5__SmartFix,REAL,False,452.7093071937561,no_test_generated,0,0,0,13,0,12,47,23.0,430.0,453.0,D2b_synthesis_exhausted
3,rcx_reentrancy__0x93c32845fae42c83a70e5f06214c8433665c2ab5__sGuard,REAL,False,278.9493110179901,no_test_generated,0,0,0,9,0,7,26,15.0,264.0,279.0,D2b_synthesis_exhausted
3,rcx_reentrancy__0x96edbe868531bd23a6c05e9d0c424ea64fb1b78b__SmartFix,REAL,False,484.80066752433777,,6,6,0,16,10,14,29,154.0,331.0,485.0,revoked_unparam
3,rcx_reentrancy__0x96edbe868531bd23a6c05e9d0c424ea64fb1b78b__sGuard,REAL,False,468.96845865249634,,1,1,0,12,3,8,22,99.0,370.0,469.0,D1_validated_no_kill
3,rcx_reentrancy__0xaae1f51cf3339f18b6d3f3bdc75a5facd744b0b8__SmartFix,REAL,True,553.8793461322784,,12,12,1,11,8,9,11,302.0,252.0,554.0,
3,rcx_reentrancy__0xb5e1b1ee15c6fa0e48fce100125569d430f1bd12__SmartFix,REAL,True,469.8641791343689,,1,1,1,4,3,3,5,317.0,152.0,469.0,
3,rcx_reentrancy__0xbe4041d55db380c5ae9d4a9b9703f1ed4e7e3888__SmartFix,REAL,False,482.05699634552,,7,7,0,15,5,12,23,256.0,226.0,482.0,D1_validated_no_kill
3,rcx_reentrancy__0xbe4041d55db380c5ae9d4a9b9703f1ed4e7e3888__sGuard,REAL,False,498.24835085868835,,3,3,0,14,5,10,23,113.0,385.0,498.0,D1_validated_no_kill
3,rcx_reentrancy__0xf015c35649c82f5467c9c74b7f28ee67665aad68__SmartFix,REAL,False,371.91431403160095,no_test_generated,0,0,0,11,0,11,41,18.0,354.0,372.0,D2b_synthesis_exhausted
3,rcx_reentrancy__0xf015c35649c82f5467c9c74b7f28ee67665aad68__sGuard,REAL,False,456.14423179626465,no_test_generated,0,0,0,12,0,12,43,19.0,437.0,456.0,D2b_synthesis_exhausted
3,rcx_unchecked_low_level_calls__0x3e013fc32a54c4c5b6991ba539dcd0ec4355c859__SmartFix,REAL,False,466.2348732948303,,4,4,0,14,0,10,17,20.0,447.0,467.0,D1_validated_no_kill
3,rcx_unchecked_low_level_calls__0x4a66ad0bca2d700f11e1f2fc2c106f7d3264504c__SmartFix,REAL,False,520.1954765319824,,1,1,0,3,0,1,0,511.0,9.0,520.0,D1_validated_no_kill
3,rcx_unchecked_low_level_calls__0x4a66ad0bca2d700f11e1f2fc2c106f7d3264504c__TIPS,REAL,False,525.9234383106232,,1,1,0,3,0,1,0,514.0,11.0,525.0,D1_validated_no_kill
3,rcx_unchecked_low_level_calls__0x4a66ad0bca2d700f11e1f2fc2c106f7d3264504c__sGuard,REAL,False,175.37690019607544,,2,2,0,6,0,5,12,13.0,162.0,175.0,D1_validated_no_kill
3,rcx_unchecked_low_level_calls__0x5aa88d2901c68fda244f1d0584400368d2c8e739__SmartFix,REAL,False,473.7765290737152,,4,4,0,14,0,13,40,16.0,458.0,474.0,D1_validated_no_kill
3,rcx_unchecked_low_level_calls__0x610495793564aed0f9c7fc48dc4c7c9151d34fd6__SmartFix,REAL,False,471.02809619903564,,3,3,0,15,3,11,31,105.0,366.0,471.0,D1_validated_no_kill
3,rcx_unchecked_low_level_calls__0x610495793564aed0f9c7fc48dc4c7c9151d34fd6__TIPS,REAL,True,463.95083117485046,,3,3,2,13,5,10,31,39.0,425.0,464.0,
3,rcx_unchecked_low_level_calls__0x610495793564aed0f9c7fc48dc4c7c9151d34fd6__sGuard,REAL,False,232.89106845855713,,4,4,0,12,0,8,29,13.0,220.0,233.0,D1_validated_no_kill
3,rcx_unchecked_low_level_calls__0x610495793564aed0f9c7fc48dc4c7c9151d34fd6__sGuardPlus,REAL,True,475.8117940425873,,8,8,2,15,8,14,29,53.0,423.0,476.0,
3,rcx_unchecked_low_level_calls__0xa46edd6a9a93feec36576ee5048146870ea2c3ae__TIPS,REAL,True,540.3918352127075,,1,1,1,3,0,2,5,465.0,75.0,540.0,
3,rcx_unchecked_low_level_calls__0xa46edd6a9a93feec36576ee5048146870ea2c3ae__sGuard,REAL,True,357.01684975624084,,5,5,3,10,0,10,25,19.0,338.0,357.0,
3,rcx_unchecked_low_level_calls__0xb37f18af15bafb869a065b61fc83cfc44ed9cc27__SmartFix,REAL,False,465.8087794780731,,4,4,0,8,2,7,13,55.0,411.0,466.0,D1_validated_no_kill
3,rcx_unchecked_low_level_calls__0xb37f18af15bafb869a065b61fc83cfc44ed9cc27__TIPS,REAL,True,517.2825095653534,,7,7,1,14,7,11,26,39.0,478.0,517.0,
3,rcx_unchecked_low_level_calls__0xb37f18af15bafb869a065b61fc83cfc44ed9cc27__sGuard,REAL,False,290.3342788219452,,5,5,0,11,0,10,21,10.0,280.0,290.0,D1_validated_no_kill
3,rcx_unchecked_low_level_calls__0xb37f18af15bafb869a065b61fc83cfc44ed9cc27__sGuardPlus,REAL,True,255.45702123641968,,5,5,3,14,0,11,30,15.0,241.0,256.0,
3,rcx_unchecked_low_level_calls__0xd5967fed03e85d1cce44cab284695b41bc675b5c__TIPS,REAL,True,514.0221607685089,,1,1,1,3,0,1,0,509.0,5.0,514.0,
3,rcx_unchecked_low_level_calls__0xd5967fed03e85d1cce44cab284695b41bc675b5c__sGuard,REAL,True,520.0830388069153,,4,4,2,3,0,1,1,506.0,14.0,520.0,
3,rcx_unchecked_low_level_calls__0xf29ebe930a539a60279ace72c707cba851a57707__TIPS,REAL,False,466.0399920940399,rcert_excluded,3,3,2,9,3,8,22,254.0,212.0,466.0,fake_fixture
3,rcx_unchecked_low_level_calls__0xf29ebe930a539a60279ace72c707cba851a57707__sGuard,REAL,False,0.022489070892333984,selection_empty,0,0,0,0,0,0,0,0.0,0.0,0.0,selection_failed
3,rcx_unchecked_low_level_calls__0xf29ebe930a539a60279ace72c707cba851a57707__sGuardPlus,REAL,False,600.0,case_timeout,0,0,0,7,0,7,26,10.0,352.0,362.0,case_timeout
3,reprod_DCFToken,REAL,False,468.7308213710785,no_test_generated,0,0,0,22,0,19,74,31.0,438.0,469.0,D2b_synthesis_exhausted
4,acfix_002_Templedao,REAL,False,553.0178570747375,,8,8,0,13,2,8,4,475.0,78.0,553.0,D1_validated_no_kill
4,acfix_015_CVE_2018_10666,REAL,True,66.14610457420349,,7,7,3,9,0,7,1,15.0,52.0,67.0,
4,acfix_016_CVE_2018_10705,REAL,True,114.08282160758972,,6,6,3,9,0,6,1,15.0,100.0,115.0,
4,acfix_021_CVE_2018_19832,REAL,True,507.95168113708496,no_test_generated,6,6,0,6,0,0,0,508.0,0.0,508.0,
4,acfix_022_CVE_2018_19833,REAL,True,467.70937633514404,,5,5,2,8,7,8,17,147.0,320.0,467.0,
4,acfix_026_CVE_2019_15080,REAL,True,178.83440279960632,,11,11,3,13,0,11,10,21.0,158.0,179.0,
4,acfix_030_CVE_2021_34272,REAL,True,358.65138936042786,,11,11,3,17,0,13,15,26.0,332.0,358.0,
4,acfix_031_CVE_2021_34273,REAL,True,247.6239471435547,,11,11,1,15,0,13,19,23.0,224.0,247.0,
4,acfix_032_CVE_2021_39167,REAL,False,470.9194746017456,,4,4,0,9,0,9,24,207.0,263.0,470.0,D1_validated_no_kill
4,acfix_033_CVE_2021_39168,REAL,False,528.4536457061768,,1,1,0,6,0,5,14,159.0,370.0,529.0,D1_validated_no_kill
4,acfix_077_L1Block,REAL,True,84.21641898155212,,4,4,0,5,1,5,7,13.0,71.0,84.0,
4,acfix_088_EmergencyOracleFactory,REAL,True,511.6743221282959,,2,2,2,4,2,3,3,20.0,491.0,511.0,
4,acfix_3_5_015_CVE_2018_10666,REAL,True,104.51098203659058,,4,4,2,8,0,6,9,12.0,92.0,104.0,
4,acfix_3_5_016_CVE_2018_10705,REAL,True,246.7520923614502,,6,6,2,14,0,9,20,17.0,230.0,247.0,
4,acfix_3_5_076_RoundFactory,REAL,False,478.2065644264221,,6,6,0,14,0,8,10,336.0,142.0,478.0,D1_validated_no_kill
4,acfix_3_5_077_L1Block,REAL,False,494.5223853588104,,22,22,0,30,3,22,8,339.0,155.0,494.0,D1_validated_no_kill
4,acfix_3_5_088_EmergencyOracleFactory,REAL,True,527.2206256389618,,2,2,2,6,2,4,8,66.0,461.0,527.0,
4,acfix_3_5_101_ANCHToken,REAL,False,600.0,case_timeout,0,0,0,3,0,0,0,0.0,0.0,0.0,case_timeout
4,acfix_fixlink_DepositLog,REAL,True,487.59969425201416,,9,9,5,19,9,17,44,168.0,320.0,488.0,
4,acfix_fixlink_DnGmxBatchingManager,REAL,False,480.7367649078369,,6,6,0,15,0,13,30,180.0,301.0,481.0,D1_validated_no_kill
4,acfix_fixlink_MStableYieldSource,REAL,False,600.0,no_test_generated,0,0,0,3,0,0,0,602.0,0.0,602.0,D2a_mutation_barren
4,acfix_fixlink_Product,REAL,False,466.0391478538513,no_test_generated,0,0,0,15,0,7,25,42.0,424.0,466.0,D2b_synthesis_exhausted
4,acfix_fixlink_Product2,REAL,False,462.4040355682373,no_test_generated,0,0,0,11,0,7,26,41.0,421.0,462.0,D2b_synthesis_exhausted
4,acfix_llama3_002_Templedao,REAL,False,466.10992765426636,,2,2,0,11,0,3,3,411.0,55.0,466.0,D1_validated_no_kill
4,acfix_llama3_017_CVE_2018_11329,REAL,False,472.0544500350952,,2,2,0,4,4,4,7,363.0,109.0,472.0,revoked_unparam
4,acfix_llama3_022_CVE_2018_19833,REAL,False,479.7375693321228,,5,5,0,8,8,8,16,177.0,302.0,479.0,D1_validated_no_kill
4,acfix_llama3_024_CVE_2019_15078,REAL,True,471.9492530822754,,0,0,1,4,2,2,7,318.0,154.0,472.0,
4,acfix_real_BaseEscalationManager,REAL,True,245.40767073631287,,11,11,11,15,7,13,10,33.0,212.0,245.0,
4,acfix_real_FlashGovernanceArbiter,REAL,True,600.0,case_timeout,4,4,0,0,0,0,0,0.0,0.0,0.0,
4,ct_20_Pool_sol_Synth_sol_Failing_Max_Value_Al,REAL,False,509.0081477165222,no_test_generated,0,0,0,8,2,2,8,179.0,330.0,509.0,D2b_synthesis_exhausted
4,ct_5_Proposals_can_be_cancelled,REAL,False,597.934960603714,,2,2,0,9,3,5,6,475.0,123.0,598.0,D1_validated_no_kill
4,pop_001_Multicall,REAL,False,2.8279240131378174,selection_empty,0,0,0,0,0,0,0,3.0,0.0,3.0,selection_failed
4,pop_009_PrivatePool,REAL,False,577.2268130779266,,10,10,0,12,0,10,0,224.0,354.0,578.0,D1_validated_no_kill
4,pop_018_PrivatePool,REAL,False,513.3225677013397,,15,15,0,17,0,16,5,220.0,294.0,514.0,D1_validated_no_kill
4,pop_020_GSPFunding,REAL,False,581.5421462059021,no_test_generated,0,0,0,6,1,1,4,268.0,314.0,582.0,D2b_synthesis_exhausted
4,pop_032_PuttyV2,REAL,True,1.016815423965454,selection_failed:Slither failed to load temporary-source.sol (retried --via-ir): Invalid compilat,2,2,2,0,0,0,0,1.0,0.0,1.0,
4,pop_033_PrivatePool,REAL,False,503.0475723743439,,11,11,0,15,0,14,7,179.0,324.0,503.0,D1_validated_no_kill
4,pop_042_VaultAdapter,REAL,False,482.1408312320709,,3,3,0,13,0,9,26,26.0,456.0,482.0,D1_validated_no_kill
4,pop_046_CVXStaker,REAL,False,466.5533854961395,no_test_generated,0,0,0,15,0,13,48,103.0,363.0,466.0,D2b_synthesis_exhausted
4,pop_048_PrivatePool,REAL,False,524.0695605278015,,16,16,0,21,0,16,0,270.0,254.0,524.0,D1_validated_no_kill
4,pop_049_Cooler,REAL,False,468.6007776260376,,3,3,0,12,0,9,23,20.0,448.0,468.0,D1_validated_no_kill
4,pop_051_LiquidityPool,REAL,False,600.0,case_timeout,0,0,0,0,0,0,0,0.0,0.0,0.0,case_timeout
4,pop_058_PuttyV2,REAL,False,0.7781381607055664,selection_failed:Slither failed to load temporary-source.sol (retried --via-ir): Invalid compilat,0,0,0,0,0,0,0,0.0,0.0,0.0,selection_failed
4,pop_066_LRTDepositPool,REAL,False,464.89404678344727,,1,1,0,12,0,8,26,91.0,374.0,465.0,D1_validated_no_kill
4,pop_070_PhiNFT1155,REAL,False,467.13225984573364,,2,2,0,5,0,3,7,373.0,94.0,467.0,D1_validated_no_kill
4,pop_077_GameItems,REAL,False,468.39241075515747,,1,1,0,9,0,7,19,179.0,289.0,468.0,D1_validated_no_kill
4,pop_077_MergingPool,REAL,False,600.0,no_test_generated,0,0,0,2,0,0,0,646.0,0.0,646.0,D2a_mutation_barren
4,rc_access_control__mycontract__SolGPT__mycontract_2round,BENCH,True,347.42091178894043,,5,5,2,7,6,7,18,23.0,325.0,348.0,
4,rc_access_control__mycontract__SolGPT__mycontract_3round,BENCH,True,479.6578269004822,,4,4,1,10,5,9,21,35.0,444.0,479.0,
4,rc_access_control__mycontract__sGuard__mycontract,BENCH,True,310.26890683174133,,1,1,1,7,3,7,23,26.0,284.0,310.0,
4,rc_access_control__phishable__SmartFix__phishable,BENCH,True,181.92763137817383,,2,2,1,4,4,4,9,13.0,169.0,182.0,
4,rc_access_control__phishable__TIPS__phishable,BENCH,True,182.31840324401855,,3,3,2,3,3,3,4,9.0,173.0,182.0,
4,rc_access_control__phishable__sGuardPlus__phishable,BENCH,True,338.9701759815216,,8,8,2,10,10,10,17,30.0,309.0,339.0,
4,rc_access_control__phishable__sGuard__phishable,BENCH,True,141.83161568641663,,4,4,3,4,4,4,1,13.0,129.0,142.0,
4,rc_access_control__proxy__SolGPT__proxy_4round,BENCH,True,324.79754638671875,,8,8,1,4,4,4,9,62.0,263.0,325.0,
4,rc_access_control__simple_suicide__SmartFix__simple_suicide,BENCH,True,117.56874418258667,,1,1,1,3,1,3,6,10.0,108.0,118.0,
4,rc_access_control__simple_suicide__sGuardPlus__simple_suicide,BENCH,True,143.95070600509644,,1,1,1,5,1,4,12,12.0,132.0,144.0,
4,rc_access_control__wallet_02_refund_nosub__SmartFix__wallet_02_refund_nosub,BENCH,False,465.0321743488312,,1,1,0,8,4,8,23,88.0,377.0,465.0,D1_validated_no_kill
4,rc_access_control__wallet_02_refund_nosub__SolGPT__wallet_02_refund_nosub_2round,BENCH,False,600.0,,8,8,0,14,8,14,28,79.0,549.0,628.0,D1_validated_no_kill
4,rc_bad_randomness__old_blockhash__SolGPT__old_blockhash_1round,BENCH,True,462.85699582099915,,0,0,0,10,1,8,29,120.0,343.0,463.0,
4,rc_bad_randomness__old_blockhash__SolGPT__old_blockhash_2round,BENCH,False,466.52708196640015,,0,0,0,11,3,6,23,147.0,319.0,466.0,revoked_unparam
4,rc_bad_randomness__old_blockhash__SolGPT__old_blockhash_3round,BENCH,False,467.75525283813477,,0,0,0,11,1,7,21,95.0,373.0,468.0,revoked_unparam
4,rc_reentrancy__modifier_reentrancy__SmartFix__modifier_reentrancy,BENCH,False,505.30560994148254,,2,2,0,5,0,5,14,8.0,497.0,505.0,D1_validated_no_kill
4,rc_reentrancy__reentrancy_bonus__SmartFix__reentrancy_bonus,BENCH,False,600.0,,1,1,0,4,1,3,7,65.0,551.0,616.0,D1_validated_no_kill
4,rc_reentrancy__reentrancy_dao__SolGPT__reentrancy_dao_1round,BENCH,True,268.075562953949,,3,3,1,7,0,7,24,28.0,240.0,268.0,
4,rc_reentrancy__reentrancy_dao__SolGPT__reentrancy_dao_4round,BENCH,False,143.63051056861877,,1,1,0,4,0,4,13,12.0,132.0,144.0,D1_validated_no_kill
4,rc_reentrancy__reentrancy_dao__sGuardPlus__reentrancy_dao,BENCH,True,250.90077877044678,,2,2,1,7,0,7,22,32.0,218.0,250.0,
4,rc_reentrancy__reentrancy_simple__SmartFix__reentrancy_simple,BENCH,True,496.8520495891571,,21,21,3,17,8,12,9,184.0,312.0,496.0,
4,rc_reentrancy__reentrancy_simple__sGuard__reentrancy_simple,BENCH,False,475.75268292427063,,5,5,0,17,2,12,28,65.0,411.0,476.0,revoked_unparam
4,rc_time_manipulation__ether_lotto__SolGPT__ether_lotto_1round,BENCH,True,473.2782461643219,,5,5,3,13,6,9,19,128.0,346.0,474.0,
4,rc_time_manipulation__ether_lotto__SolGPT__ether_lotto_2round,BENCH,True,469.4742577075958,,1,1,1,11,5,6,19,77.0,393.0,470.0,
4,rc_time_manipulation__ether_lotto__SolGPT__ether_lotto_3round,BENCH,True,425.1972107887268,,6,6,3,12,4,10,19,97.0,328.0,425.0,
4,rc_time_manipulation__roulette__SolGPT__roulette_1round,BENCH,True,252.4872169494629,,4,4,2,6,0,5,8,10.0,242.0,252.0,
4,rc_time_manipulation__roulette__SolGPT__roulette_2round,BENCH,True,354.22018575668335,,4,4,3,8,0,7,12,12.0,343.0,355.0,
4,rc_time_manipulation__roulette__SolGPT__roulette_3round,BENCH,True,145.53946542739868,,3,3,3,5,0,4,11,8.0,138.0,146.0,
4,rc_time_manipulation__roulette__SolGPT__roulette_4round,BENCH,True,135.15127396583557,,5,5,3,8,0,7,10,14.0,122.0,136.0,
4,rc_unchecked_low_level_calls__0x07f7ecb66d788ab01dc93b9b71a88401de7d0f2e__SolGPT__0x07f7ecb66d788ab01dc93b9b71a88401de7d0f2e_3round,REAL,False,526.2613472938538,,4,4,0,6,5,6,11,297.0,229.0,526.0,D1_validated_no_kill
4,rc_unchecked_low_level_calls__0x2972d548497286d18e92b5fa1f8f9139e5653fd2__SolGPT__0x2972d548497286d18e92b5fa1f8f9139e5653fd2_3round,REAL,False,569.7294671535492,no_test_generated,0,0,0,3,0,1,4,503.0,67.0,570.0,D2b_synthesis_exhausted
4,rc_unchecked_low_level_calls__0x4051334adc52057aca763453820cb0e045076ef3__SolGPT__0x4051334adc52057aca763453820cb0e045076ef3_2round,REAL,False,575.9064412117004,,1,1,0,4,0,1,1,566.0,10.0,576.0,D1_validated_no_kill
4,rc_unchecked_low_level_calls__0x4051334adc52057aca763453820cb0e045076ef3__SolGPT__0x4051334adc52057aca763453820cb0e045076ef3_3round,REAL,True,531.9506435394287,no_test_generated,4,4,0,3,0,0,0,532.0,0.0,532.0,
4,rc_unchecked_low_level_calls__0x4b71ad9c1a84b9b643aa54fdd66e2dec96e8b152__SolGPT__0x4b71ad9c1a84b9b643aa54fdd66e2dec96e8b152_1round,REAL,True,552.1917719841003,,2,2,1,3,0,2,2,523.0,29.0,552.0,
4,rc_unchecked_low_level_calls__0x4b71ad9c1a84b9b643aa54fdd66e2dec96e8b152__SolGPT__0x4b71ad9c1a84b9b643aa54fdd66e2dec96e8b152_2round,REAL,True,474.79069352149963,no_test_generated,8,8,2,4,0,0,0,475.0,0.0,475.0,
4,rc_unchecked_low_level_calls__0x4b71ad9c1a84b9b643aa54fdd66e2dec96e8b152__SolGPT__0x4b71ad9c1a84b9b643aa54fdd66e2dec96e8b152_3round,REAL,True,532.8228468894958,no_test_generated,12,12,0,3,0,0,0,533.0,0.0,533.0,
4,rc_unchecked_low_level_calls__0x7d09edb07d23acb532a82be3da5c17d9d85806b4__TIPS__0x7d09edb07d23acb532a82be3da5c17d9d85806b4U2,REAL,False,560.0922405719757,,6,6,0,7,7,7,6,421.0,139.0,560.0,D1_validated_no_kill
4,rc_unchecked_low_level_calls__0xa1fceeff3acc57d257b917e30c4df661401d6431__SolGPT__0xa1fceeff3acc57d257b917e30c4df661401d6431_1round,REAL,False,531.7659749984741,no_test_generated,0,0,0,3,0,0,0,532.0,0.0,532.0,D2a_mutation_barren
4,rc_unchecked_low_level_calls__0xb7c5c5aa4d42967efe906e1b66cb8df9cebf04f7__sGuardPlus__0xb7c5c5aa4d42967efe906e1b66cb8df9cebf04f7,REAL,True,482.7850902080536,,1,1,1,5,0,3,10,335.0,148.0,483.0,
4,rc_unchecked_low_level_calls__0xe894d54dca59cb53fe9cbc5155093605c7068220__TIPS__0xe894d54dca59cb53fe9cbc5155093605c7068220U1,REAL,False,507.48354959487915,,1,1,0,3,0,2,4,470.0,37.0,507.0,D1_validated_no_kill
4,rcx_reentrancy__0x23a91059fdc9579a9fbd0edc5f2ea0bfdb70deb4__SmartFix,REAL,True,545.3857986927032,,6,6,0,5,4,4,11,362.0,183.0,545.0,
4,rcx_reentrancy__0x4320e6f8c05b27ab4707cd1f6d5ce6f3e4b3a5a1__SmartFix,REAL,True,545.7985701560974,,1,1,1,3,2,2,6,353.0,192.0,545.0,
4,rcx_reentrancy__0x4e73b32ed6c35f570686b89848e5f39f20ecc106__SmartFix,REAL,False,500.5301790237427,,6,6,0,11,7,9,12,300.0,200.0,500.0,D1_validated_no_kill
4,rcx_reentrancy__0x561eac93c92360949ab1f1403323e6db345cbf31__SmartFix,REAL,False,510.29397654533386,,3,3,0,5,4,5,13,349.0,161.0,510.0,D1_validated_no_kill
4,rcx_reentrancy__0x7b368c4e805c3870b6c49a3f1f49f69af8662cf3__SmartFix,REAL,False,484.4369487762451,no_test_generated,0,0,0,8,3,8,32,169.0,316.0,485.0,D2b_synthesis_exhausted
4,rcx_reentrancy__0x7b368c4e805c3870b6c49a3f1f49f69af8662cf3__sGuard,REAL,True,509.93571043014526,no_test_generated,5,5,0,7,1,7,26,246.0,264.0,510.0,
4,rcx_reentrancy__0x93c32845fae42c83a70e5f06214c8433665c2ab5__SmartFix,REAL,False,469.38318634033203,no_test_generated,0,0,0,7,3,7,27,182.0,287.0,469.0,D2b_synthesis_exhausted
4,rcx_reentrancy__0x93c32845fae42c83a70e5f06214c8433665c2ab5__sGuard,REAL,False,557.8295843601227,no_test_generated,0,0,0,8,1,7,27,236.0,322.0,558.0,D2b_synthesis_exhausted
4,rcx_reentrancy__0x96edbe868531bd23a6c05e9d0c424ea64fb1b78b__SmartFix,REAL,False,477.235773563385,,8,8,0,13,10,11,20,214.0,263.0,477.0,D1_validated_no_kill
4,rcx_reentrancy__0x96edbe868531bd23a6c05e9d0c424ea64fb1b78b__sGuard,REAL,False,467.52603459358215,,3,3,0,15,4,9,21,141.0,327.0,468.0,D1_validated_no_kill
4,rcx_reentrancy__0xaae1f51cf3339f18b6d3f3bdc75a5facd744b0b8__SmartFix,REAL,True,500.8856825828552,,4,4,1,5,4,5,10,323.0,178.0,501.0,
4,rcx_reentrancy__0xb5e1b1ee15c6fa0e48fce100125569d430f1bd12__SmartFix,REAL,True,528.4925441741943,,6,6,2,5,4,4,9,359.0,170.0,529.0,
4,rcx_reentrancy__0xbe4041d55db380c5ae9d4a9b9703f1ed4e7e3888__SmartFix,REAL,False,494.70649909973145,,8,8,0,19,6,14,24,162.0,332.0,494.0,D1_validated_no_kill
4,rcx_reentrancy__0xbe4041d55db380c5ae9d4a9b9703f1ed4e7e3888__sGuard,REAL,False,481.2734229564667,,3,3,0,12,6,9,21,125.0,356.0,481.0,D1_validated_no_kill
4,rcx_reentrancy__0xf015c35649c82f5467c9c74b7f28ee67665aad68__SmartFix,REAL,False,600.0,no_test_generated,0,0,0,7,4,7,26,171.0,474.0,645.0,D2b_synthesis_exhausted
4,rcx_reentrancy__0xf015c35649c82f5467c9c74b7f28ee67665aad68__sGuard,REAL,False,504.31201219558716,no_test_generated,0,0,0,6,3,6,22,167.0,337.0,504.0,budget_truncated
4,rcx_unchecked_low_level_calls__0x3e013fc32a54c4c5b6991ba539dcd0ec4355c859__SmartFix,REAL,True,481.81289172172546,,4,4,1,9,4,8,7,46.0,436.0,482.0,
4,rcx_unchecked_low_level_calls__0x4a66ad0bca2d700f11e1f2fc2c106f7d3264504c__SmartFix,REAL,False,555.9465401172638,,1,1,0,4,0,1,3,520.0,36.0,556.0,D1_validated_no_kill
4,rcx_unchecked_low_level_calls__0x4a66ad0bca2d700f11e1f2fc2c106f7d3264504c__TIPS,REAL,False,473.6483232975006,,1,1,0,2,0,2,3,396.0,77.0,473.0,D1_validated_no_kill
4,rcx_unchecked_low_level_calls__0x4a66ad0bca2d700f11e1f2fc2c106f7d3264504c__sGuard,REAL,False,600.0,,1,1,0,2,1,2,5,336.0,277.0,613.0,D1_validated_no_kill
4,rcx_unchecked_low_level_calls__0x5aa88d2901c68fda244f1d0584400368d2c8e739__SmartFix,REAL,True,479.63430166244507,,2,2,1,9,3,9,30,40.0,440.0,480.0,
4,rcx_unchecked_low_level_calls__0x610495793564aed0f9c7fc48dc4c7c9151d34fd6__SmartFix,REAL,True,472.6933681964874,,5,5,0,12,2,9,13,181.0,292.0,473.0,
4,rcx_unchecked_low_level_calls__0x610495793564aed0f9c7fc48dc4c7c9151d34fd6__TIPS,REAL,True,489.7288308143616,,7,7,1,13,7,12,31,54.0,435.0,489.0,
4,rcx_unchecked_low_level_calls__0x610495793564aed0f9c7fc48dc4c7c9151d34fd6__sGuard,REAL,False,381.10218691825867,,6,6,0,14,4,11,25,45.0,336.0,381.0,D1_validated_no_kill
4,rcx_unchecked_low_level_calls__0x610495793564aed0f9c7fc48dc4c7c9151d34fd6__sGuardPlus,REAL,True,467.86348700523376,,4,4,1,13,4,9,22,79.0,389.0,468.0,
4,rcx_unchecked_low_level_calls__0xa46edd6a9a93feec36576ee5048146870ea2c3ae__TIPS,REAL,True,551.6629683971405,no_test_generated,1,1,5,3,0,1,4,505.0,47.0,552.0,
4,rcx_unchecked_low_level_calls__0xa46edd6a9a93feec36576ee5048146870ea2c3ae__sGuard,REAL,False,537.0825123786926,,1,1,0,4,0,1,2,509.0,28.0,537.0,D1_validated_no_kill
4,rcx_unchecked_low_level_calls__0xb37f18af15bafb869a065b61fc83cfc44ed9cc27__SmartFix,REAL,False,466.6650490760803,,2,2,0,14,3,9,27,124.0,343.0,467.0,D1_validated_no_kill
4,rcx_unchecked_low_level_calls__0xb37f18af15bafb869a065b61fc83cfc44ed9cc27__TIPS,REAL,True,244.51300024986267,,2,2,1,6,3,5,12,26.0,219.0,245.0,
4,rcx_unchecked_low_level_calls__0xb37f18af15bafb869a065b61fc83cfc44ed9cc27__sGuard,REAL,False,354.34733963012695,,4,4,0,13,3,9,21,54.0,300.0,354.0,D1_validated_no_kill
4,rcx_unchecked_low_level_calls__0xb37f18af15bafb869a065b61fc83cfc44ed9cc27__sGuardPlus,REAL,True,529.8346989154816,,5,5,2,11,6,10,19,46.0,484.0,530.0,
4,rcx_unchecked_low_level_calls__0xd5967fed03e85d1cce44cab284695b41bc675b5c__TIPS,REAL,True,524.3464906215668,,2,2,5,3,0,1,1,513.0,11.0,524.0,
4,rcx_unchecked_low_level_calls__0xd5967fed03e85d1cce44cab284695b41bc675b5c__sGuard,REAL,True,541.5685513019562,,4,4,4,4,0,2,1,525.0,17.0,542.0,
4,rcx_unchecked_low_level_calls__0xf29ebe930a539a60279ace72c707cba851a57707__TIPS,REAL,False,61.17607760429382,rcert_excluded,2,2,2,3,2,2,6,20.0,42.0,62.0,fake_fixture
4,rcx_unchecked_low_level_calls__0xf29ebe930a539a60279ace72c707cba851a57707__sGuard,REAL,False,0.03020787239074707,selection_empty,0,0,0,0,0,0,0,0.0,0.0,0.0,selection_failed
4,rcx_unchecked_low_level_calls__0xf29ebe930a539a60279ace72c707cba851a57707__sGuardPlus,REAL,False,234.3709409236908,rcert_excluded,3,3,1,6,1,6,17,91.0,143.0,234.0,fake_fixture
4,reprod_DCFToken,REAL,False,496.48196816444397,no_test_generated,0,0,0,9,0,2,8,449.0,47.0,496.0,D2b_synthesis_exhausted
5,acfix_002_Templedao,REAL,False,467.84848642349243,,5,5,0,13,0,7,6,385.0,82.0,467.0,D1_validated_no_kill
5,acfix_015_CVE_2018_10666,REAL,True,137.75796818733215,,8,8,3,14,0,8,4,18.0,119.0,137.0,
5,acfix_016_CVE_2018_10705,REAL,True,90.79944562911987,,7,7,3,9,0,7,5,13.0,78.0,91.0,
5,acfix_021_CVE_2018_19832,REAL,False,471.003436088562,,1,1,0,5,0,3,7,397.0,74.0,471.0,D1_validated_no_kill
5,acfix_022_CVE_2018_19833,REAL,True,482.7529299259186,,5,5,1,8,8,8,11,121.0,361.0,482.0,
5,acfix_026_CVE_2019_15080,REAL,True,234.17393326759338,,11,11,1,15,0,12,22,20.0,214.0,234.0,
5,acfix_030_CVE_2021_34272,REAL,True,106.35455822944641,,5,5,3,9,0,6,7,18.0,88.0,106.0,
5,acfix_031_CVE_2021_34273,REAL,True,310.50719594955444,,10,10,2,17,0,13,22,20.0,290.0,310.0,
5,acfix_032_CVE_2021_39167,REAL,False,507.62676429748535,,2,2,0,10,0,6,18,349.0,159.0,508.0,D1_validated_no_kill
5,acfix_033_CVE_2021_39168,REAL,False,465.1424527168274,,3,3,0,9,0,8,19,298.0,167.0,465.0,D1_validated_no_kill
5,acfix_077_L1Block,REAL,True,54.044339179992676,,0,0,0,3,1,3,5,9.0,45.0,54.0,
5,acfix_088_EmergencyOracleFactory,REAL,True,494.1868941783905,,3,3,3,8,3,5,10,62.0,432.0,494.0,
5,acfix_3_5_015_CVE_2018_10666,REAL,True,175.1539270877838,,6,6,3,9,0,7,7,19.0,156.0,175.0,
5,acfix_3_5_016_CVE_2018_10705,REAL,True,195.64465022087097,,10,10,1,17,0,12,9,31.0,164.0,195.0,
5,acfix_3_5_076_RoundFactory,REAL,False,,,0,0,0,16,0,11,21,257.0,204.0,461.0,revoked_unparam
5,acfix_3_5_077_L1Block,REAL,False,,exception:[Errno 28] No space left on device,0,0,0,34,3,25,4,301.0,149.0,450.0,crash
5,acfix_3_5_088_EmergencyOracleFactory,REAL,True,490.20520782470703,,2,2,2,5,2,4,9,32.0,459.0,491.0,
5,acfix_3_5_101_ANCHToken,REAL,False,,exception:[Errno 28] No space left on device,0,0,0,6,0,0,0,357.0,0.0,357.0,crash
5,acfix_fixlink_DepositLog,REAL,True,,,0,0,1,9,4,7,17,159.0,160.0,319.0,
5,acfix_fixlink_DnGmxBatchingManager,REAL,True,,exception:[Errno 28] No space left on device,3,3,1,11,0,5,16,53.0,183.0,236.0,
5,acfix_fixlink_MStableYieldSource,REAL,False,,exception:[Errno 28] No space left on device,0,0,0,6,0,2,6,207.0,48.0,255.0,crash
5,acfix_fixlink_Product,REAL,False,,exception:[Errno 28] No space left on device,0,0,0,2,0,1,2,7.0,32.0,39.0,crash
5,acfix_fixlink_Product2,REAL,False,,exception:[Errno 28] No space left on device,0,0,0,0,0,0,0,0.0,0.0,0.0,crash
5,acfix_llama3_002_Templedao,REAL,False,,exception:[Errno 28] No space left on device,0,0,0,0,0,0,0,0.0,0.0,0.0,crash
5,acfix_llama3_017_CVE_2018_11329,REAL,False,,,0,0,0,0,0,0,0,0.0,0.0,0.0,revoked_unparam
5,acfix_llama3_022_CVE_2018_19833,REAL,True,480.12205362319946,,19,19,1,35,0,26,40,65.0,415.0,480.0,
5,acfix_llama3_024_CVE_2019_15078,REAL,True,,,0,0,0,1,0,0,0,1.0,0.0,1.0,
5,acfix_real_BaseEscalationManager,REAL,True,,crash,0,0,12,1,0,0,0,3.0,0.0,3.0,
5,acfix_real_FlashGovernanceArbiter,REAL,True,,crash,2,2,2,2,0,0,0,13.0,0.0,13.0,
5,ct_20_Pool_sol_Synth_sol_Failing_Max_Value_Al,REAL,False,,exception:[Errno 28] No space left on device,0,0,0,3,0,0,0,1.0,0.0,1.0,crash
5,ct_5_Proposals_can_be_cancelled,REAL,False,512.9220862388611,,23,23,0,38,0,26,14,76.0,437.0,513.0,D1_validated_no_kill
5,pop_001_Multicall,REAL,False,2.556429386138916,selection_empty,0,0,0,0,0,0,0,2.0,0.0,2.0,selection_failed
5,pop_009_PrivatePool,REAL,False,,crash,0,0,0,0,0,0,0,0.0,0.0,0.0,crash
5,pop_018_PrivatePool,REAL,False,,exception:[Errno 28] No space left on device,0,0,0,0,0,0,0,0.0,0.0,0.0,crash
5,pop_020_GSPFunding,REAL,False,514.4648430347443,no_test_generated,0,0,0,9,0,3,8,16.0,498.0,514.0,D2b_synthesis_exhausted
5,pop_032_PuttyV2,REAL,True,0.7579843997955322,selection_failed:Slither failed to load temporary-source.sol (retried --via-ir): Invalid comp,0,0,0,0,0,0,0,1.0,0.0,1.0,
5,pop_033_PrivatePool,REAL,False,533.6691031455994,,24,24,0,26,0,26,8,95.0,439.0,534.0,D1_validated_no_kill
5,pop_042_VaultAdapter,REAL,False,464.86298418045044,,1,1,0,14,0,11,38,31.0,434.0,465.0,D1_validated_no_kill
5,pop_046_CVXStaker,REAL,False,,exception:[Errno 28] No space left on device,0,0,0,3,0,0,0,4.0,0.0,4.0,crash
5,pop_048_PrivatePool,REAL,False,,crash,0,0,0,0,0,0,0,0.0,0.0,0.0,crash
5,pop_049_Cooler,REAL,False,493.293240070343,,2,2,0,11,0,8,21,14.0,479.0,493.0,D1_validated_no_kill
5,pop_051_LiquidityPool,REAL,False,517.149361371994,,28,28,0,39,0,29,19,147.0,370.0,517.0,D1_validated_no_kill
5,pop_058_PuttyV2,REAL,False,0.73702073097229,selection_failed:Slither failed to load temporary-source.sol (retried --via-ir): Invalid comp,0,0,0,0,0,0,0,1.0,0.0,1.0,selection_failed
5,pop_066_LRTDepositPool,REAL,False,600.0,case_timeout,0,0,0,15,0,11,40,27.0,429.0,456.0,case_timeout
5,pop_070_PhiNFT1155,REAL,False,464.4649815559387,,2,2,0,10,0,6,17,23.0,441.0,464.0,D1_validated_no_kill
5,pop_077_GameItems,REAL,False,475.82542872428894,,7,7,0,24,0,13,32,41.0,435.0,476.0,D1_validated_no_kill
5,pop_077_MergingPool,REAL,False,471.5081784725189,no_test_generated,0,0,0,7,0,7,28,23.0,448.0,471.0,D2b_synthesis_exhausted
5,rc_access_control__mycontract__SolGPT__mycontract_2round,BENCH,True,193.2310574054718,,2,2,1,6,0,6,22,8.0,185.0,193.0,
5,rc_access_control__mycontract__SolGPT__mycontract_3round,BENCH,False,365.4831426143646,,2,2,0,10,0,10,33,12.0,353.0,365.0,D1_validated_no_kill
5,rc_access_control__mycontract__sGuard__mycontract,BENCH,True,153.85269474983215,,4,4,1,5,0,5,13,6.0,148.0,154.0,
5,rc_access_control__phishable__SmartFix__phishable,BENCH,True,88.501384973526,,6,6,3,6,0,6,6,8.0,81.0,89.0,
5,rc_access_control__phishable__TIPS__phishable,BENCH,True,24.535616159439087,,3,3,1,4,0,3,0,5.0,20.0,25.0,
5,rc_access_control__phishable__sGuardPlus__phishable,BENCH,True,113.5087718963623,,3,3,2,4,0,4,7,5.0,108.0,113.0,
5,rc_access_control__phishable__sGuard__phishable,BENCH,True,85.8572039604187,,4,4,3,6,0,5,6,6.0,80.0,86.0,
5,rc_access_control__proxy__SolGPT__proxy_4round,BENCH,True,26.880985975265503,,6,6,4,3,0,3,0,5.0,22.0,27.0,
5,rc_access_control__simple_suicide__SmartFix__simple_suicide,BENCH,True,83.74944639205933,,2,2,1,3,0,3,4,5.0,79.0,84.0,
5,rc_access_control__simple_suicide__sGuardPlus__simple_suicide,BENCH,True,61.31569790840149,,3,3,3,4,0,4,6,5.0,56.0,61.0,
5,rc_access_control__wallet_02_refund_nosub__SmartFix__wallet_02_refund_nosub,BENCH,False,328.29882764816284,,5,5,0,12,0,12,34,19.0,310.0,329.0,D1_validated_no_kill
5,rc_access_control__wallet_02_refund_nosub__SolGPT__wallet_02_refund_nosub_2round,BENCH,True,446.8957943916321,,3,3,1,13,0,13,42,16.0,431.0,447.0,
5,rc_bad_randomness__old_blockhash__SolGPT__old_blockhash_1round,BENCH,True,326.5701847076416,,2,2,1,7,0,7,23,12.0,314.0,326.0,
5,rc_bad_randomness__old_blockhash__SolGPT__old_blockhash_2round,BENCH,False,466.12526059150696,,0,0,0,12,0,11,35,21.0,446.0,467.0,revoked_unparam
5,rc_bad_randomness__old_blockhash__SolGPT__old_blockhash_3round,BENCH,False,406.6514959335327,,0,0,0,10,0,10,27,19.0,388.0,407.0,revoked_unparam
5,rc_reentrancy__modifier_reentrancy__SmartFix__modifier_reentrancy,BENCH,True,554.2129964828491,no_test_generated,10,10,0,8,0,4,9,11.0,544.0,555.0,
5,rc_reentrancy__reentrancy_bonus__SmartFix__reentrancy_bonus,BENCH,False,397.07629656791687,,3,3,0,8,0,8,27,12.0,385.0,397.0,D1_validated_no_kill
5,rc_reentrancy__reentrancy_dao__SolGPT__reentrancy_dao_1round,BENCH,True,261.0362124443054,,1,1,1,6,0,6,22,9.0,252.0,261.0,
5,rc_reentrancy__reentrancy_dao__SolGPT__reentrancy_dao_4round,BENCH,False,154.87237191200256,,1,1,0,4,0,4,13,8.0,147.0,155.0,D1_validated_no_kill
5,rc_reentrancy__reentrancy_dao__sGuardPlus__reentrancy_dao,BENCH,False,227.8490273952484,no_test_generated,0,0,0,6,0,6,24,11.0,217.0,228.0,D2b_synthesis_exhausted
5,rc_reentrancy__reentrancy_simple__SmartFix__reentrancy_simple,BENCH,True,373.3536081314087,,14,14,3,20,0,17,19,29.0,344.0,373.0,
5,rc_reentrancy__reentrancy_simple__sGuard__reentrancy_simple,BENCH,True,423.00942492485046,,11,11,1,20,0,15,18,27.0,396.0,423.0,
5,rc_time_manipulation__ether_lotto__SolGPT__ether_lotto_1round,BENCH,True,470.9951295852661,,3,3,3,14,0,8,18,24.0,447.0,471.0,
5,rc_time_manipulation__ether_lotto__SolGPT__ether_lotto_2round,BENCH,False,465.745254278183,,2,2,0,10,0,7,17,20.0,446.0,466.0,D1_validated_no_kill
5,rc_time_manipulation__ether_lotto__SolGPT__ether_lotto_3round,BENCH,True,515.2814025878906,,1,1,1,18,0,10,32,32.0,484.0,516.0,
5,rc_time_manipulation__roulette__SolGPT__roulette_1round,BENCH,True,163.0256040096283,,4,4,2,8,0,7,13,9.0,154.0,163.0,
5,rc_time_manipulation__roulette__SolGPT__roulette_2round,BENCH,True,272.12671089172363,,4,4,1,8,0,7,17,9.0,263.0,272.0,
5,rc_time_manipulation__roulette__SolGPT__roulette_3round,BENCH,True,453.8747763633728,,3,3,2,12,0,11,37,13.0,441.0,454.0,
5,rc_time_manipulation__roulette__SolGPT__roulette_4round,BENCH,True,143.27900648117065,,4,4,2,7,0,6,15,9.0,134.0,143.0,
5,rc_unchecked_low_level_calls__0x07f7ecb66d788ab01dc93b9b71a88401de7d0f2e__SolGPT__0x07f7ecb66d788ab01dc93b9b71a88401de7d0f2e_3round,REAL,False,472.0987591743469,,12,12,0,30,0,18,25,36.0,436.0,472.0,D1_validated_no_kill
5,rc_unchecked_low_level_calls__0x2972d548497286d18e92b5fa1f8f9139e5653fd2__SolGPT__0x2972d548497286d18e92b5fa1f8f9139e5653fd2_3round,REAL,True,176.43134927749634,,4,4,2,7,0,6,13,13.0,163.0,176.0,
5,rc_unchecked_low_level_calls__0x4051334adc52057aca763453820cb0e045076ef3__SolGPT__0x4051334adc52057aca763453820cb0e045076ef3_2round,REAL,True,73.25266766548157,,5,5,1,6,0,5,3,12.0,61.0,73.0,
5,rc_unchecked_low_level_calls__0x4051334adc52057aca763453820cb0e045076ef3__SolGPT__0x4051334adc52057aca763453820cb0e045076ef3_3round,REAL,True,145.1873905658722,,8,8,1,10,0,9,6,21.0,124.0,145.0,
5,rc_unchecked_low_level_calls__0x4b71ad9c1a84b9b643aa54fdd66e2dec96e8b152__SolGPT__0x4b71ad9c1a84b9b643aa54fdd66e2dec96e8b152_1round,REAL,True,315.2665548324585,,12,12,4,14,0,13,14,28.0,288.0,316.0,
5,rc_unchecked_low_level_calls__0x4b71ad9c1a84b9b643aa54fdd66e2dec96e8b152__SolGPT__0x4b71ad9c1a84b9b643aa54fdd66e2dec96e8b152_2round,REAL,True,64.0304205417633,,5,5,1,5,0,5,1,10.0,54.0,64.0,
5,rc_unchecked_low_level_calls__0x4b71ad9c1a84b9b643aa54fdd66e2dec96e8b152__SolGPT__0x4b71ad9c1a84b9b643aa54fdd66e2dec96e8b152_3round,REAL,True,219.929771900177,,12,12,2,13,0,12,13,28.0,192.0,220.0,
5,rc_unchecked_low_level_calls__0x7d09edb07d23acb532a82be3da5c17d9d85806b4__TIPS__0x7d09edb07d23acb532a82be3da5c17d9d85806b4U2,REAL,False,470.1318199634552,no_test_generated,0,0,0,28,0,15,55,73.0,397.0,470.0,D2b_synthesis_exhausted
5,rc_unchecked_low_level_calls__0xa1fceeff3acc57d257b917e30c4df661401d6431__SolGPT__0xa1fceeff3acc57d257b917e30c4df661401d6431_1round,REAL,True,203.67216277122498,,6,6,2,8,0,8,8,16.0,188.0,204.0,
5,rc_unchecked_low_level_calls__0xb7c5c5aa4d42967efe906e1b66cb8df9cebf04f7__sGuardPlus__0xb7c5c5aa4d42967efe906e1b66cb8df9cebf04f7,REAL,True,310.9576005935669,,8,8,3,13,0,12,21,20.0,291.0,311.0,
5,rc_unchecked_low_level_calls__0xe894d54dca59cb53fe9cbc5155093605c7068220__TIPS__0xe894d54dca59cb53fe9cbc5155093605c7068220U1,REAL,False,232.13040781021118,,5,5,0,9,0,8,17,21.0,212.0,233.0,D1_validated_no_kill
5,rcx_reentrancy__0x23a91059fdc9579a9fbd0edc5f2ea0bfdb70deb4__SmartFix,REAL,True,465.59421133995056,,10,10,1,17,0,13,43,32.0,434.0,466.0,
5,rcx_reentrancy__0x4320e6f8c05b27ab4707cd1f6d5ce6f3e4b3a5a1__SmartFix,REAL,False,470.907212972641,,7,7,0,32,0,19,51,49.0,422.0,471.0,D1_validated_no_kill
5,rcx_reentrancy__0x4e73b32ed6c35f570686b89848e5f39f20ecc106__SmartFix,REAL,False,465.83981370925903,,4,4,0,25,0,16,42,40.0,426.0,466.0,D1_validated_no_kill
5,rcx_reentrancy__0x561eac93c92360949ab1f1403323e6db345cbf31__SmartFix,REAL,False,467.69410490989685,,7,7,0,26,0,16,49,44.0,423.0,467.0,D1_validated_no_kill
5,rcx_reentrancy__0x7b368c4e805c3870b6c49a3f1f49f69af8662cf3__SmartFix,REAL,False,355.83268189430237,no_test_generated,0,0,0,9,0,9,36,18.0,338.0,356.0,D2b_synthesis_exhausted
5,rcx_reentrancy__0x7b368c4e805c3870b6c49a3f1f49f69af8662cf3__sGuard,REAL,True,462.7226824760437,no_test_generated,5,5,0,13,0,11,38,20.0,443.0,463.0,
5,rcx_reentrancy__0x93c32845fae42c83a70e5f06214c8433665c2ab5__SmartFix,REAL,False,311.91943073272705,no_test_generated,0,0,0,8,0,8,32,16.0,296.0,312.0,D2b_synthesis_exhausted
5,rcx_reentrancy__0x93c32845fae42c83a70e5f06214c8433665c2ab5__sGuard,REAL,False,472.2640039920807,no_test_generated,0,0,0,13,0,10,37,21.0,451.0,472.0,D2b_synthesis_exhausted
5,rcx_reentrancy__0x96edbe868531bd23a6c05e9d0c424ea64fb1b78b__SmartFix,REAL,False,471.83952593803406,,5,5,0,20,0,15,45,32.0,439.0,471.0,D1_validated_no_kill
5,rcx_reentrancy__0x96edbe868531bd23a6c05e9d0c424ea64fb1b78b__sGuard,REAL,False,465.26342940330505,,2,2,0,9,0,8,20,15.0,450.0,465.0,D1_validated_no_kill
5,rcx_reentrancy__0xaae1f51cf3339f18b6d3f3bdc75a5facd744b0b8__SmartFix,REAL,True,600.0,case_timeout,7,7,1,23,0,16,46,39.0,420.0,459.0,
5,rcx_reentrancy__0xb5e1b1ee15c6fa0e48fce100125569d430f1bd12__SmartFix,REAL,False,466.30807638168335,,2,2,0,19,0,13,43,36.0,430.0,466.0,D1_validated_no_kill
5,rcx_reentrancy__0xbe4041d55db380c5ae9d4a9b9703f1ed4e7e3888__SmartFix,REAL,False,465.23687958717346,,4,4,0,21,0,16,47,35.0,431.0,466.0,D1_validated_no_kill
5,rcx_reentrancy__0xbe4041d55db380c5ae9d4a9b9703f1ed4e7e3888__sGuard,REAL,False,473.2495765686035,,7,7,0,22,0,14,34,30.0,443.0,473.0,D1_validated_no_kill
5,rcx_reentrancy__0xf015c35649c82f5467c9c74b7f28ee67665aad68__SmartFix,REAL,False,421.93068075180054,no_test_generated,0,0,0,11,0,10,37,20.0,402.0,422.0,D2b_synthesis_exhausted
5,rcx_reentrancy__0xf015c35649c82f5467c9c74b7f28ee67665aad68__sGuard,REAL,True,468.3315727710724,,5,5,1,11,0,10,34,19.0,449.0,468.0,
5,rcx_unchecked_low_level_calls__0x3e013fc32a54c4c5b6991ba539dcd0ec4355c859__SmartFix,REAL,True,453.9249629974365,,6,6,1,15,0,13,37,19.0,435.0,454.0,
5,rcx_unchecked_low_level_calls__0x4a66ad0bca2d700f11e1f2fc2c106f7d3264504c__SmartFix,REAL,False,532.7106297016144,,2,2,0,6,0,5,12,16.0,517.0,533.0,D1_validated_no_kill
5,rcx_unchecked_low_level_calls__0x4a66ad0bca2d700f11e1f2fc2c106f7d3264504c__TIPS,REAL,False,471.50486159324646,no_test_generated,0,0,0,6,0,4,15,17.0,454.0,471.0,D2b_synthesis_exhausted
5,rcx_unchecked_low_level_calls__0x4a66ad0bca2d700f11e1f2fc2c106f7d3264504c__sGuard,REAL,False,178.03645205497742,,3,3,0,4,0,4,14,10.0,168.0,178.0,D1_validated_no_kill
5,rcx_unchecked_low_level_calls__0x5aa88d2901c68fda244f1d0584400368d2c8e739__SmartFix,REAL,True,477.4823019504547,,6,6,1,16,0,10,17,19.0,459.0,478.0,
5,rcx_unchecked_low_level_calls__0x610495793564aed0f9c7fc48dc4c7c9151d34fd6__SmartFix,REAL,False,386.52906107902527,,5,5,0,14,0,10,23,15.0,371.0,386.0,D1_validated_no_kill
5,rcx_unchecked_low_level_calls__0x610495793564aed0f9c7fc48dc4c7c9151d34fd6__TIPS,REAL,True,432.67387986183167,,4,4,1,13,0,10,27,13.0,420.0,433.0,
5,rcx_unchecked_low_level_calls__0x610495793564aed0f9c7fc48dc4c7c9151d34fd6__sGuard,REAL,True,254.45285892486572,,7,7,1,13,0,10,20,13.0,241.0,254.0,
5,rcx_unchecked_low_level_calls__0x610495793564aed0f9c7fc48dc4c7c9151d34fd6__sGuardPlus,REAL,True,337.0414605140686,,7,7,1,14,0,13,36,15.0,322.0,337.0,
5,rcx_unchecked_low_level_calls__0xa46edd6a9a93feec36576ee5048146870ea2c3ae__TIPS,REAL,True,67.23922228813171,,4,4,1,5,0,4,2,11.0,56.0,67.0,
5,rcx_unchecked_low_level_calls__0xa46edd6a9a93feec36576ee5048146870ea2c3ae__sGuard,REAL,False,225.4425506591797,,1,1,0,5,0,5,16,12.0,214.0,226.0,D1_validated_no_kill
5,rcx_unchecked_low_level_calls__0xb37f18af15bafb869a065b61fc83cfc44ed9cc27__SmartFix,REAL,False,467.38291692733765,,3,3,0,12,0,10,29,13.0,455.0,468.0,D1_validated_no_kill
5,rcx_unchecked_low_level_calls__0xb37f18af15bafb869a065b61fc83cfc44ed9cc27__TIPS,REAL,True,177.90428185462952,,5,5,1,11,0,9,15,13.0,165.0,178.0,
5,rcx_unchecked_low_level_calls__0xb37f18af15bafb869a065b61fc83cfc44ed9cc27__sGuard,REAL,True,246.9239625930786,,6,6,1,13,0,10,22,31.0,216.0,247.0,
5,rcx_unchecked_low_level_calls__0xb37f18af15bafb869a065b61fc83cfc44ed9cc27__sGuardPlus,REAL,True,372.62411189079285,,4,4,1,14,0,12,37,17.0,356.0,373.0,
5,rcx_unchecked_low_level_calls__0xd5967fed03e85d1cce44cab284695b41bc675b5c__TIPS,REAL,True,103.62368869781494,,4,4,5,6,0,5,8,13.0,91.0,104.0,
5,rcx_unchecked_low_level_calls__0xd5967fed03e85d1cce44cab284695b41bc675b5c__sGuard,REAL,True,277.49681067466736,,4,4,5,7,0,6,17,14.0,264.0,278.0,
5,rcx_unchecked_low_level_calls__0xf29ebe930a539a60279ace72c707cba851a57707__TIPS,REAL,False,600.0,case_timeout,0,0,0,6,0,6,21,11.0,254.0,265.0,case_timeout
5,rcx_unchecked_low_level_calls__0xf29ebe930a539a60279ace72c707cba851a57707__sGuard,REAL,False,0.022536516189575195,selection_empty,0,0,0,0,0,0,0,0.0,0.0,0.0,selection_failed
5,rcx_unchecked_low_level_calls__0xf29ebe930a539a60279ace72c707cba851a57707__sGuardPlus,REAL,False,290.35381627082825,,0,0,0,6,0,6,21,10.0,280.0,290.0,D1_validated_no_kill
5,reprod_DCFToken,REAL,False,462.70919036865234,no_test_generated,0,0,0,16,0,15,57,23.0,440.0,463.0,D2b_synthesis_exhausted
