Mutant_id,Contract_id,Test_id,Function_name,Phase,Attempt,Artefact,Time,Result
m3712788c,StaxLPStaking,<generic-v6-scaffold>,constructor,Generate-Hypothesis,1,hypothesis_m3712788c_1,2.92,True
m3712788c,StaxLPStaking,<generic-v6-scaffold>,constructor,Generate-Test,1,tool/Alchemist/wd7/test/test_m3712788c_1.ts,5.1,True
m3712788c,StaxLPStaking,<generic-v6-scaffold>,constructor,SuMo-Pretest,1,tool/Alchemist/wd7/test/test_m3712788c_1.ts,6.16,False
m3712788c,StaxLPStaking,<generic-v6-scaffold>,constructor,Generate-Fixed-Test,1,tool/Alchemist/wd7/test/test_m3712788c_1_1.ts,3.49,True
m3712788c,StaxLPStaking,<generic-v6-scaffold>,constructor,SuMo-Pretest,2,tool/Alchemist/wd7/test/test_m3712788c_1_1.ts,6.16,False
m527d224e,StaxLPStaking,<generic-v6-scaffold>,constructor,Generate-Hypothesis,1,hypothesis_m527d224e_1,2.88,True
m527d224e,StaxLPStaking,<generic-v6-scaffold>,constructor,Generate-Test,1,tool/Alchemist/wd7/test/test_m527d224e_1.ts,5.77,True
m527d224e,StaxLPStaking,<generic-v6-scaffold>,constructor,SuMo-Pretest,1,tool/Alchemist/wd7/test/test_m527d224e_1.ts,6.24,False
m527d224e,StaxLPStaking,<generic-v6-scaffold>,constructor,Generate-Fixed-Test,1,tool/Alchemist/wd7/test/test_m527d224e_1_1.ts,4.89,True
m527d224e,StaxLPStaking,<generic-v6-scaffold>,constructor,SuMo-Pretest,2,tool/Alchemist/wd7/test/test_m527d224e_1_1.ts,6.12,False
m2e767c9c,StaxLPStaking,<generic-v6-scaffold>,setRewardDistributor,Generate-Hypothesis,1,hypothesis_m2e767c9c_1,2.34,True
m2e767c9c,StaxLPStaking,<generic-v6-scaffold>,setRewardDistributor,Generate-Test,1,tool/Alchemist/wd7/test/test_m2e767c9c_1.ts,4.46,True
m2e767c9c,StaxLPStaking,<generic-v6-scaffold>,setRewardDistributor,SuMo-Pretest,1,tool/Alchemist/wd7/test/test_m2e767c9c_1.ts,6.4,False
m2e767c9c,StaxLPStaking,<generic-v6-scaffold>,setRewardDistributor,Generate-Fixed-Test,1,tool/Alchemist/wd7/test/test_m2e767c9c_1_1.ts,3.51,True
m2e767c9c,StaxLPStaking,<generic-v6-scaffold>,setRewardDistributor,SuMo-Pretest,2,tool/Alchemist/wd7/test/test_m2e767c9c_1_1.ts,6.2,False
mc04a6b25,StaxLPStaking,<generic-v6-scaffold>,setRewardDistributor,Generate-Hypothesis,1,hypothesis_mc04a6b25_1,2.84,True
mc04a6b25,StaxLPStaking,<generic-v6-scaffold>,setRewardDistributor,Generate-Test,1,tool/Alchemist/wd7/test/test_mc04a6b25_1.ts,3.72,True
mc04a6b25,StaxLPStaking,<generic-v6-scaffold>,setRewardDistributor,SuMo-Pretest,1,tool/Alchemist/wd7/test/test_mc04a6b25_1.ts,6.36,False
mc04a6b25,StaxLPStaking,<generic-v6-scaffold>,setRewardDistributor,Generate-Fixed-Test,1,tool/Alchemist/wd7/test/test_mc04a6b25_1_1.ts,2.99,True
mc04a6b25,StaxLPStaking,<generic-v6-scaffold>,setRewardDistributor,SuMo-Pretest,2,tool/Alchemist/wd7/test/test_mc04a6b25_1_1.ts,6.34,False
m1ea0a4b0,StaxLPStaking,<generic-v6-scaffold>,setMigrator,Generate-Hypothesis,1,hypothesis_m1ea0a4b0_1,2.92,True
m1ea0a4b0,StaxLPStaking,<generic-v6-scaffold>,setMigrator,Generate-Test,1,tool/Alchemist/wd7/test/test_m1ea0a4b0_1.ts,3.7,True
m1ea0a4b0,StaxLPStaking,<generic-v6-scaffold>,setMigrator,SuMo-Pretest,1,tool/Alchemist/wd7/test/test_m1ea0a4b0_1.ts,6.45,False
m1ea0a4b0,StaxLPStaking,<generic-v6-scaffold>,setMigrator,Generate-Fixed-Test,1,tool/Alchemist/wd7/test/test_m1ea0a4b0_1_1.ts,3.32,True
m1ea0a4b0,StaxLPStaking,<generic-v6-scaffold>,setMigrator,SuMo-Pretest,2,tool/Alchemist/wd7/test/test_m1ea0a4b0_1_1.ts,6.25,False
m8da1a982,StaxLPStaking,<generic-v6-scaffold>,setMigrator,Generate-Hypothesis,1,hypothesis_m8da1a982_1,2.3,True
m8da1a982,StaxLPStaking,<generic-v6-scaffold>,setMigrator,Generate-Test,1,tool/Alchemist/wd7/test/test_m8da1a982_1.ts,2.92,True
m8da1a982,StaxLPStaking,<generic-v6-scaffold>,setMigrator,SuMo-Pretest,1,tool/Alchemist/wd7/test/test_m8da1a982_1.ts,6.22,False
m8da1a982,StaxLPStaking,<generic-v6-scaffold>,setMigrator,Generate-Fixed-Test,1,tool/Alchemist/wd7/test/test_m8da1a982_1_1.ts,2.97,True
m8da1a982,StaxLPStaking,<generic-v6-scaffold>,setMigrator,SuMo-Pretest,2,tool/Alchemist/wd7/test/test_m8da1a982_1_1.ts,6.1,False
m3d492238,StaxLPStaking,<generic-v6-scaffold>,stateVariable,Generate-Hypothesis,1,hypothesis_m3d492238_1,3.35,True
m3d492238,StaxLPStaking,<generic-v6-scaffold>,stateVariable,Generate-Test,1,tool/Alchemist/wd7/test/test_m3d492238_1.ts,9.2,True
m3d492238,StaxLPStaking,<generic-v6-scaffold>,stateVariable,SuMo-Pretest,1,tool/Alchemist/wd7/test/test_m3d492238_1.ts,6.21,False
m3d492238,StaxLPStaking,<generic-v6-scaffold>,stateVariable,Generate-Fixed-Test,1,tool/Alchemist/wd7/test/test_m3d492238_1_1.ts,6.38,True
m3d492238,StaxLPStaking,<generic-v6-scaffold>,stateVariable,SuMo-Pretest,2,tool/Alchemist/wd7/test/test_m3d492238_1_1.ts,6.21,False
m71c5c9b3,StaxLPStaking,<generic-v6-scaffold>,stateVariable,Generate-Hypothesis,1,hypothesis_m71c5c9b3_1,2.93,True
m71c5c9b3,StaxLPStaking,<generic-v6-scaffold>,stateVariable,Generate-Test,1,tool/Alchemist/wd7/test/test_m71c5c9b3_1.ts,5.78,True
m71c5c9b3,StaxLPStaking,<generic-v6-scaffold>,stateVariable,SuMo-Pretest,1,tool/Alchemist/wd7/test/test_m71c5c9b3_1.ts,6.26,False
m71c5c9b3,StaxLPStaking,<generic-v6-scaffold>,stateVariable,Generate-Fixed-Test,1,tool/Alchemist/wd7/test/test_m71c5c9b3_1_1.ts,4.16,True
m71c5c9b3,StaxLPStaking,<generic-v6-scaffold>,stateVariable,SuMo-Pretest,2,tool/Alchemist/wd7/test/test_m71c5c9b3_1_1.ts,6.2,False
mfa149c0e,StaxLPStaking,<generic-v6-scaffold>,addReward,Generate-Hypothesis,1,hypothesis_mfa149c0e_1,2.39,True
mfa149c0e,StaxLPStaking,<generic-v6-scaffold>,addReward,Generate-Test,1,tool/Alchemist/wd7/test/test_mfa149c0e_1.ts,4.06,True
mfa149c0e,StaxLPStaking,<generic-v6-scaffold>,addReward,SuMo-Pretest,1,tool/Alchemist/wd7/test/test_mfa149c0e_1.ts,6.29,False
mfa149c0e,StaxLPStaking,<generic-v6-scaffold>,addReward,Generate-Fixed-Test,1,tool/Alchemist/wd7/test/test_mfa149c0e_1_1.ts,3.06,True
mfa149c0e,StaxLPStaking,<generic-v6-scaffold>,addReward,SuMo-Pretest,2,tool/Alchemist/wd7/test/test_mfa149c0e_1_1.ts,6.4,False
m72aa6137,StaxLPStaking,<generic-v6-scaffold>,_rewardPerToken,Generate-Hypothesis,1,hypothesis_m72aa6137_1,2.26,True
m72aa6137,StaxLPStaking,<generic-v6-scaffold>,_rewardPerToken,Generate-Test,1,tool/Alchemist/wd7/test/test_m72aa6137_1.ts,7.83,True
m72aa6137,StaxLPStaking,<generic-v6-scaffold>,_rewardPerToken,SuMo-Pretest,1,tool/Alchemist/wd7/test/test_m72aa6137_1.ts,6.34,False
m72aa6137,StaxLPStaking,<generic-v6-scaffold>,_rewardPerToken,Generate-Fixed-Test,1,tool/Alchemist/wd7/test/test_m72aa6137_1_1.ts,5.78,True
m72aa6137,StaxLPStaking,<generic-v6-scaffold>,_rewardPerToken,SuMo-Pretest,2,tool/Alchemist/wd7/test/test_m72aa6137_1_1.ts,6.45,False
ma597fc9e,StaxLPStaking,<generic-v6-scaffold>,_rewardPerToken,Generate-Hypothesis,1,hypothesis_ma597fc9e_1,2.64,True
ma597fc9e,StaxLPStaking,<generic-v6-scaffold>,_rewardPerToken,Generate-Test,1,tool/Alchemist/wd7/test/test_ma597fc9e_1.ts,5.9,True
ma597fc9e,StaxLPStaking,<generic-v6-scaffold>,_rewardPerToken,SuMo-Pretest,1,tool/Alchemist/wd7/test/test_ma597fc9e_1.ts,5.94,False
ma597fc9e,StaxLPStaking,<generic-v6-scaffold>,_rewardPerToken,Generate-Fixed-Test,1,tool/Alchemist/wd7/test/test_ma597fc9e_1_1.ts,3.94,True
ma597fc9e,StaxLPStaking,<generic-v6-scaffold>,_rewardPerToken,SuMo-Pretest,2,tool/Alchemist/wd7/test/test_ma597fc9e_1_1.ts,5.9,False
m0e9a4438,StaxLPStaking,<generic-v6-scaffold>,_rewardPerToken,Generate-Hypothesis,1,hypothesis_m0e9a4438_1,3.16,True
m0e9a4438,StaxLPStaking,<generic-v6-scaffold>,_rewardPerToken,Generate-Test,1,tool/Alchemist/wd7/test/test_m0e9a4438_1.ts,8.8,True
m0e9a4438,StaxLPStaking,<generic-v6-scaffold>,_rewardPerToken,SuMo-Pretest,1,tool/Alchemist/wd7/test/test_m0e9a4438_1.ts,5.93,False
m0e9a4438,StaxLPStaking,<generic-v6-scaffold>,_rewardPerToken,Generate-Fixed-Test,1,tool/Alchemist/wd7/test/test_m0e9a4438_1_1.ts,5.91,True
m0e9a4438,StaxLPStaking,<generic-v6-scaffold>,_rewardPerToken,SuMo-Pretest,2,tool/Alchemist/wd7/test/test_m0e9a4438_1_1.ts,6.03,False
m9a42c805,StaxLPStaking,<generic-v6-scaffold>,_rewardPerToken,Generate-Hypothesis,1,hypothesis_m9a42c805_1,2.87,True
m9a42c805,StaxLPStaking,<generic-v6-scaffold>,_rewardPerToken,Generate-Test,1,tool/Alchemist/wd7/test/test_m9a42c805_1.ts,7.65,True
m9a42c805,StaxLPStaking,<generic-v6-scaffold>,_rewardPerToken,SuMo-Pretest,1,tool/Alchemist/wd7/test/test_m9a42c805_1.ts,6.08,False
m9a42c805,StaxLPStaking,<generic-v6-scaffold>,_rewardPerToken,Generate-Fixed-Test,1,tool/Alchemist/wd7/test/test_m9a42c805_1_1.ts,4.64,True
m9a42c805,StaxLPStaking,<generic-v6-scaffold>,_rewardPerToken,SuMo-Pretest,2,tool/Alchemist/wd7/test/test_m9a42c805_1_1.ts,5.88,False
m70d1e945,StaxLPStaking,<generic-v6-scaffold>,_rewardPerToken,Generate-Hypothesis,1,hypothesis_m70d1e945_1,3.5,True
m70d1e945,StaxLPStaking,<generic-v6-scaffold>,_rewardPerToken,Generate-Test,1,tool/Alchemist/wd7/test/test_m70d1e945_1.ts,7.15,True
m70d1e945,StaxLPStaking,<generic-v6-scaffold>,_rewardPerToken,SuMo-Pretest,1,tool/Alchemist/wd7/test/test_m70d1e945_1.ts,6.18,False
m70d1e945,StaxLPStaking,<generic-v6-scaffold>,_rewardPerToken,Generate-Fixed-Test,1,tool/Alchemist/wd7/test/test_m70d1e945_1_1.ts,4.67,True
m70d1e945,StaxLPStaking,<generic-v6-scaffold>,_rewardPerToken,SuMo-Pretest,2,tool/Alchemist/wd7/test/test_m70d1e945_1_1.ts,6.08,False
m61166086,StaxLPStaking,<generic-v6-scaffold>,_rewardPerToken,Generate-Hypothesis,1,hypothesis_m61166086_1,3.16,True
m61166086,StaxLPStaking,<generic-v6-scaffold>,_rewardPerToken,Generate-Test,1,tool/Alchemist/wd7/test/test_m61166086_1.ts,9.88,True
m61166086,StaxLPStaking,<generic-v6-scaffold>,_rewardPerToken,SuMo-Pretest,1,tool/Alchemist/wd7/test/test_m61166086_1.ts,5.87,False
m61166086,StaxLPStaking,<generic-v6-scaffold>,_rewardPerToken,Generate-Fixed-Test,1,tool/Alchemist/wd7/test/test_m61166086_1_1.ts,6.5,True
m61166086,StaxLPStaking,<generic-v6-scaffold>,_rewardPerToken,SuMo-Pretest,2,tool/Alchemist/wd7/test/test_m61166086_1_1.ts,5.9,False
m932579fe,StaxLPStaking,<generic-v6-scaffold>,_rewardPerToken,Generate-Hypothesis,1,hypothesis_m932579fe_1,3.64,True
m932579fe,StaxLPStaking,<generic-v6-scaffold>,_rewardPerToken,Generate-Test,1,tool/Alchemist/wd7/test/test_m932579fe_1.ts,7.39,True
m932579fe,StaxLPStaking,<generic-v6-scaffold>,_rewardPerToken,SuMo-Pretest,1,tool/Alchemist/wd7/test/test_m932579fe_1.ts,5.96,False
m932579fe,StaxLPStaking,<generic-v6-scaffold>,_rewardPerToken,Generate-Fixed-Test,1,tool/Alchemist/wd7/test/test_m932579fe_1_1.ts,5.44,True
m932579fe,StaxLPStaking,<generic-v6-scaffold>,_rewardPerToken,SuMo-Pretest,2,tool/Alchemist/wd7/test/test_m932579fe_1_1.ts,6.06,False
m36ac76a8,StaxLPStaking,<generic-v6-scaffold>,_rewardPerToken,Generate-Hypothesis,1,hypothesis_m36ac76a8_1,2.67,True
m36ac76a8,StaxLPStaking,<generic-v6-scaffold>,_rewardPerToken,Generate-Test,1,tool/Alchemist/wd7/test/test_m36ac76a8_1.ts,10.11,True
m36ac76a8,StaxLPStaking,<generic-v6-scaffold>,_rewardPerToken,SuMo-Pretest,1,tool/Alchemist/wd7/test/test_m36ac76a8_1.ts,6.02,False
m36ac76a8,StaxLPStaking,<generic-v6-scaffold>,_rewardPerToken,Generate-Fixed-Test,1,tool/Alchemist/wd7/test/test_m36ac76a8_1_1.ts,6.34,True
m36ac76a8,StaxLPStaking,<generic-v6-scaffold>,_rewardPerToken,SuMo-Pretest,2,tool/Alchemist/wd7/test/test_m36ac76a8_1_1.ts,6.02,False
m2f59ccd4,StaxLPStaking,<generic-v6-scaffold>,_rewardPerToken,Generate-Hypothesis,1,hypothesis_m2f59ccd4_1,2.98,True
m2f59ccd4,StaxLPStaking,<generic-v6-scaffold>,_rewardPerToken,Generate-Test,1,tool/Alchemist/wd7/test/test_m2f59ccd4_1.ts,6.74,True
m2f59ccd4,StaxLPStaking,<generic-v6-scaffold>,_rewardPerToken,SuMo-Pretest,1,tool/Alchemist/wd7/test/test_m2f59ccd4_1.ts,6.11,False
m2f59ccd4,StaxLPStaking,<generic-v6-scaffold>,_rewardPerToken,Generate-Fixed-Test,1,tool/Alchemist/wd7/test/test_m2f59ccd4_1_1.ts,4.33,True
m2f59ccd4,StaxLPStaking,<generic-v6-scaffold>,_rewardPerToken,SuMo-Pretest,2,tool/Alchemist/wd7/test/test_m2f59ccd4_1_1.ts,5.92,False
m1bff88a2,StaxLPStaking,<generic-v6-scaffold>,_rewardPerToken,Generate-Hypothesis,1,hypothesis_m1bff88a2_1,4.21,True
m1bff88a2,StaxLPStaking,<generic-v6-scaffold>,_rewardPerToken,Generate-Test,1,tool/Alchemist/wd7/test/test_m1bff88a2_1.ts,7.74,True
m1bff88a2,StaxLPStaking,<generic-v6-scaffold>,_rewardPerToken,SuMo-Pretest,1,tool/Alchemist/wd7/test/test_m1bff88a2_1.ts,5.87,False
m1bff88a2,StaxLPStaking,<generic-v6-scaffold>,_rewardPerToken,Generate-Fixed-Test,1,tool/Alchemist/wd7/test/test_m1bff88a2_1_1.ts,5.13,True
m1bff88a2,StaxLPStaking,<generic-v6-scaffold>,_rewardPerToken,SuMo-Pretest,2,tool/Alchemist/wd7/test/test_m1bff88a2_1_1.ts,6.22,False
me03238bc,StaxLPStaking,<generic-v6-scaffold>,_rewardPerToken,Generate-Hypothesis,1,hypothesis_me03238bc_1,2.95,True
me03238bc,StaxLPStaking,<generic-v6-scaffold>,_rewardPerToken,Generate-Test,1,tool/Alchemist/wd7/test/test_me03238bc_1.ts,8.75,True
me03238bc,StaxLPStaking,<generic-v6-scaffold>,_rewardPerToken,SuMo-Pretest,1,tool/Alchemist/wd7/test/test_me03238bc_1.ts,5.9,False
me03238bc,StaxLPStaking,<generic-v6-scaffold>,_rewardPerToken,Generate-Fixed-Test,1,tool/Alchemist/wd7/test/test_me03238bc_1_1.ts,5.55,True
me03238bc,StaxLPStaking,<generic-v6-scaffold>,_rewardPerToken,SuMo-Pretest,2,tool/Alchemist/wd7/test/test_me03238bc_1_1.ts,6.01,False
m4ba83ea9,StaxLPStaking,<generic-v6-scaffold>,_earned,Generate-Hypothesis,1,hypothesis_m4ba83ea9_1,2.78,True
m4ba83ea9,StaxLPStaking,<generic-v6-scaffold>,_earned,Generate-Test,1,tool/Alchemist/wd7/test/test_m4ba83ea9_1.ts,7.32,True
m4ba83ea9,StaxLPStaking,<generic-v6-scaffold>,_earned,SuMo-Pretest,1,tool/Alchemist/wd7/test/test_m4ba83ea9_1.ts,5.89,False
m4ba83ea9,StaxLPStaking,<generic-v6-scaffold>,_earned,Generate-Fixed-Test,1,tool/Alchemist/wd7/test/test_m4ba83ea9_1_1.ts,5.31,True
m4ba83ea9,StaxLPStaking,<generic-v6-scaffold>,_earned,SuMo-Pretest,2,tool/Alchemist/wd7/test/test_m4ba83ea9_1_1.ts,6.02,False
m195ffb1f,StaxLPStaking,<generic-v6-scaffold>,_earned,Generate-Hypothesis,1,hypothesis_m195ffb1f_1,3.06,True
m195ffb1f,StaxLPStaking,<generic-v6-scaffold>,_earned,Generate-Test,1,tool/Alchemist/wd7/test/test_m195ffb1f_1.ts,7.64,True
m195ffb1f,StaxLPStaking,<generic-v6-scaffold>,_earned,SuMo-Pretest,1,tool/Alchemist/wd7/test/test_m195ffb1f_1.ts,5.86,False
m195ffb1f,StaxLPStaking,<generic-v6-scaffold>,_earned,Generate-Fixed-Test,1,tool/Alchemist/wd7/test/test_m195ffb1f_1_1.ts,6.2,True
m195ffb1f,StaxLPStaking,<generic-v6-scaffold>,_earned,SuMo-Pretest,2,tool/Alchemist/wd7/test/test_m195ffb1f_1_1.ts,6.02,False
mf3b7c985,StaxLPStaking,<generic-v6-scaffold>,_earned,Generate-Hypothesis,1,hypothesis_mf3b7c985_1,3.41,True
mf3b7c985,StaxLPStaking,<generic-v6-scaffold>,_earned,Generate-Test,1,tool/Alchemist/wd7/test/test_mf3b7c985_1.ts,6.86,True
mf3b7c985,StaxLPStaking,<generic-v6-scaffold>,_earned,SuMo-Pretest,1,tool/Alchemist/wd7/test/test_mf3b7c985_1.ts,5.75,False
mf3b7c985,StaxLPStaking,<generic-v6-scaffold>,_earned,Generate-Fixed-Test,1,tool/Alchemist/wd7/test/test_mf3b7c985_1_1.ts,5.18,True
mf3b7c985,StaxLPStaking,<generic-v6-scaffold>,_earned,SuMo-Pretest,2,tool/Alchemist/wd7/test/test_mf3b7c985_1_1.ts,5.82,False
m5ebf3c9e,StaxLPStaking,<generic-v6-scaffold>,_earned,Generate-Hypothesis,1,hypothesis_m5ebf3c9e_1,3.04,True
m5ebf3c9e,StaxLPStaking,<generic-v6-scaffold>,_earned,Generate-Test,1,tool/Alchemist/wd7/test/test_m5ebf3c9e_1.ts,9.04,True
m5ebf3c9e,StaxLPStaking,<generic-v6-scaffold>,_earned,SuMo-Pretest,1,tool/Alchemist/wd7/test/test_m5ebf3c9e_1.ts,5.85,False
m5ebf3c9e,StaxLPStaking,<generic-v6-scaffold>,_earned,Generate-Fixed-Test,1,tool/Alchemist/wd7/test/test_m5ebf3c9e_1_1.ts,4.91,True
m5ebf3c9e,StaxLPStaking,<generic-v6-scaffold>,_earned,SuMo-Pretest,2,tool/Alchemist/wd7/test/test_m5ebf3c9e_1_1.ts,5.88,False
ma974816e,StaxLPStaking,<generic-v6-scaffold>,_earned,Generate-Hypothesis,1,hypothesis_ma974816e_1,3.27,True
ma974816e,StaxLPStaking,<generic-v6-scaffold>,_earned,Generate-Test,1,tool/Alchemist/wd7/test/test_ma974816e_1.ts,7.46,True
ma974816e,StaxLPStaking,<generic-v6-scaffold>,_earned,SuMo-Pretest,1,tool/Alchemist/wd7/test/test_ma974816e_1.ts,5.84,False
ma974816e,StaxLPStaking,<generic-v6-scaffold>,_earned,Generate-Fixed-Test,1,tool/Alchemist/wd7/test/test_ma974816e_1_1.ts,5.06,True
ma974816e,StaxLPStaking,<generic-v6-scaffold>,_earned,SuMo-Pretest,2,tool/Alchemist/wd7/test/test_ma974816e_1_1.ts,5.79,False
mc6e048c4,StaxLPStaking,<generic-v6-scaffold>,_earned,Generate-Hypothesis,1,hypothesis_mc6e048c4_1,2.85,True
mc6e048c4,StaxLPStaking,<generic-v6-scaffold>,_earned,Generate-Test,1,tool/Alchemist/wd7/test/test_mc6e048c4_1.ts,7.17,True
mc6e048c4,StaxLPStaking,<generic-v6-scaffold>,_earned,SuMo-Pretest,1,tool/Alchemist/wd7/test/test_mc6e048c4_1.ts,5.88,False
mc6e048c4,StaxLPStaking,<generic-v6-scaffold>,_earned,Generate-Fixed-Test,1,tool/Alchemist/wd7/test/test_mc6e048c4_1_1.ts,4.71,True
mc6e048c4,StaxLPStaking,<generic-v6-scaffold>,_earned,SuMo-Pretest,2,tool/Alchemist/wd7/test/test_mc6e048c4_1_1.ts,5.98,False
m7377bb35,StaxLPStaking,<generic-v6-scaffold>,_earned,Generate-Hypothesis,1,hypothesis_m7377bb35_1,3.5,True
m7377bb35,StaxLPStaking,<generic-v6-scaffold>,_earned,Generate-Test,1,tool/Alchemist/wd7/test/test_m7377bb35_1.ts,6.4,True
m7377bb35,StaxLPStaking,<generic-v6-scaffold>,_earned,SuMo-Pretest,1,tool/Alchemist/wd7/test/test_m7377bb35_1.ts,5.81,False
m7377bb35,StaxLPStaking,<generic-v6-scaffold>,_earned,Generate-Fixed-Test,1,tool/Alchemist/wd7/test/test_m7377bb35_1_1.ts,5.07,True
m7377bb35,StaxLPStaking,<generic-v6-scaffold>,_earned,SuMo-Pretest,2,tool/Alchemist/wd7/test/test_m7377bb35_1_1.ts,5.81,False
m81034f15,StaxLPStaking,<generic-v6-scaffold>,_earned,Generate-Hypothesis,1,hypothesis_m81034f15_1,3.91,True
m81034f15,StaxLPStaking,<generic-v6-scaffold>,_earned,Generate-Test,1,tool/Alchemist/wd7/test/test_m81034f15_1.ts,9.23,True
m81034f15,StaxLPStaking,<generic-v6-scaffold>,_earned,SuMo-Pretest,1,tool/Alchemist/wd7/test/test_m81034f15_1.ts,5.78,False
m81034f15,StaxLPStaking,<generic-v6-scaffold>,_earned,Generate-Fixed-Test,1,tool/Alchemist/wd7/test/test_m81034f15_1_1.ts,6.46,True
m81034f15,StaxLPStaking,<generic-v6-scaffold>,_earned,SuMo-Pretest,2,tool/Alchemist/wd7/test/test_m81034f15_1_1.ts,5.79,False
me03b7e21,StaxLPStaking,<generic-v6-scaffold>,stakeFor,Generate-Hypothesis,1,hypothesis_me03b7e21_1,2.91,True
me03b7e21,StaxLPStaking,<generic-v6-scaffold>,stakeFor,Generate-Test,1,tool/Alchemist/wd7/test/test_me03b7e21_1.ts,3.7,True
me03b7e21,StaxLPStaking,<generic-v6-scaffold>,stakeFor,SuMo-Pretest,1,tool/Alchemist/wd7/test/test_me03b7e21_1.ts,5.93,False
me03b7e21,StaxLPStaking,<generic-v6-scaffold>,stakeFor,Generate-Fixed-Test,1,tool/Alchemist/wd7/test/test_me03b7e21_1_1.ts,2.64,True
me03b7e21,StaxLPStaking,<generic-v6-scaffold>,stakeFor,SuMo-Pretest,2,tool/Alchemist/wd7/test/test_me03b7e21_1_1.ts,5.91,False
m7caff0e9,StaxLPStaking,<generic-v6-scaffold>,stakeFor,Generate-Hypothesis,1,hypothesis_m7caff0e9_1,2.34,True
m7caff0e9,StaxLPStaking,<generic-v6-scaffold>,stakeFor,Generate-Test,1,tool/Alchemist/wd7/test/test_m7caff0e9_1.ts,3.59,True
m7caff0e9,StaxLPStaking,<generic-v6-scaffold>,stakeFor,SuMo-Pretest,1,tool/Alchemist/wd7/test/test_m7caff0e9_1.ts,5.96,False
m7caff0e9,StaxLPStaking,<generic-v6-scaffold>,stakeFor,Generate-Fixed-Test,1,tool/Alchemist/wd7/test/test_m7caff0e9_1_1.ts,2.75,True
m7caff0e9,StaxLPStaking,<generic-v6-scaffold>,stakeFor,SuMo-Pretest,2,tool/Alchemist/wd7/test/test_m7caff0e9_1_1.ts,6.02,False
m5be1318d,StaxLPStaking,<generic-v6-scaffold>,_withdrawFor,Generate-Hypothesis,1,hypothesis_m5be1318d_1,2.36,True
m5be1318d,StaxLPStaking,<generic-v6-scaffold>,_withdrawFor,Generate-Test,1,tool/Alchemist/wd7/test/test_m5be1318d_1.ts,3.38,True
m5be1318d,StaxLPStaking,<generic-v6-scaffold>,_withdrawFor,SuMo-Pretest,1,tool/Alchemist/wd7/test/test_m5be1318d_1.ts,5.79,False
m5be1318d,StaxLPStaking,<generic-v6-scaffold>,_withdrawFor,Generate-Fixed-Test,1,tool/Alchemist/wd7/test/test_m5be1318d_1_1.ts,2.77,True
m5be1318d,StaxLPStaking,<generic-v6-scaffold>,_withdrawFor,SuMo-Pretest,2,tool/Alchemist/wd7/test/test_m5be1318d_1_1.ts,5.96,False
m40182105,StaxLPStaking,<generic-v6-scaffold>,_withdrawFor,Generate-Hypothesis,1,hypothesis_m40182105_1,2.28,True
m40182105,StaxLPStaking,<generic-v6-scaffold>,_withdrawFor,Generate-Test,1,tool/Alchemist/wd7/test/test_m40182105_1.ts,3.79,True
m40182105,StaxLPStaking,<generic-v6-scaffold>,_withdrawFor,SuMo-Pretest,1,tool/Alchemist/wd7/test/test_m40182105_1.ts,5.88,False
m40182105,StaxLPStaking,<generic-v6-scaffold>,_withdrawFor,Generate-Fixed-Test,1,tool/Alchemist/wd7/test/test_m40182105_1_1.ts,3.02,True
m40182105,StaxLPStaking,<generic-v6-scaffold>,_withdrawFor,SuMo-Pretest,2,tool/Alchemist/wd7/test/test_m40182105_1_1.ts,5.96,False
me8036db8,StaxLPStaking,<generic-v6-scaffold>,_withdrawFor,Generate-Hypothesis,1,hypothesis_me8036db8_1,2.83,True
me8036db8,StaxLPStaking,<generic-v6-scaffold>,_withdrawFor,Generate-Test,1,tool/Alchemist/wd7/test/test_me8036db8_1.ts,4.5,True
me8036db8,StaxLPStaking,<generic-v6-scaffold>,_withdrawFor,SuMo-Pretest,1,tool/Alchemist/wd7/test/test_me8036db8_1.ts,5.85,False
me8036db8,StaxLPStaking,<generic-v6-scaffold>,_withdrawFor,Generate-Fixed-Test,1,tool/Alchemist/wd7/test/test_me8036db8_1_1.ts,3.18,True
me8036db8,StaxLPStaking,<generic-v6-scaffold>,_withdrawFor,SuMo-Pretest,2,tool/Alchemist/wd7/test/test_me8036db8_1_1.ts,5.86,False
me44cbe38,StaxLPStaking,<generic-v6-scaffold>,_withdrawFor,Generate-Hypothesis,1,hypothesis_me44cbe38_1,3.16,True
me44cbe38,StaxLPStaking,<generic-v6-scaffold>,_withdrawFor,Generate-Test,1,tool/Alchemist/wd7/test/test_me44cbe38_1.ts,7.4,True
me44cbe38,StaxLPStaking,<generic-v6-scaffold>,_withdrawFor,SuMo-Pretest,1,tool/Alchemist/wd7/test/test_me44cbe38_1.ts,5.92,False
me44cbe38,StaxLPStaking,<generic-v6-scaffold>,_withdrawFor,Generate-Fixed-Test,1,tool/Alchemist/wd7/test/test_me44cbe38_1_1.ts,3.48,True
me44cbe38,StaxLPStaking,<generic-v6-scaffold>,_withdrawFor,SuMo-Pretest,2,tool/Alchemist/wd7/test/test_me44cbe38_1_1.ts,5.81,False
m4064caa9,StaxLPStaking,<generic-v6-scaffold>,_withdrawFor,Generate-Hypothesis,1,hypothesis_m4064caa9_1,2.48,True
m4064caa9,StaxLPStaking,<generic-v6-scaffold>,_withdrawFor,Generate-Test,1,tool/Alchemist/wd7/test/test_m4064caa9_1.ts,4.66,True
m4064caa9,StaxLPStaking,<generic-v6-scaffold>,_withdrawFor,SuMo-Pretest,1,tool/Alchemist/wd7/test/test_m4064caa9_1.ts,5.82,False
m4064caa9,StaxLPStaking,<generic-v6-scaffold>,_withdrawFor,Generate-Fixed-Test,1,tool/Alchemist/wd7/test/test_m4064caa9_1_1.ts,3.48,True
m4064caa9,StaxLPStaking,<generic-v6-scaffold>,_withdrawFor,SuMo-Pretest,2,tool/Alchemist/wd7/test/test_m4064caa9_1_1.ts,5.75,False
m86a966b3,StaxLPStaking,<generic-v6-scaffold>,_getRewards,Generate-Hypothesis,1,hypothesis_m86a966b3_1,2.35,True
m86a966b3,StaxLPStaking,<generic-v6-scaffold>,_getRewards,Generate-Test,1,tool/Alchemist/wd7/test/test_m86a966b3_1.ts,7.21,True
m86a966b3,StaxLPStaking,<generic-v6-scaffold>,_getRewards,SuMo-Pretest,1,tool/Alchemist/wd7/test/test_m86a966b3_1.ts,5.96,False
m86a966b3,StaxLPStaking,<generic-v6-scaffold>,_getRewards,Generate-Fixed-Test,1,tool/Alchemist/wd7/test/test_m86a966b3_1_1.ts,5.17,True
m86a966b3,StaxLPStaking,<generic-v6-scaffold>,_getRewards,SuMo-Pretest,2,tool/Alchemist/wd7/test/test_m86a966b3_1_1.ts,5.82,False
m425f860e,StaxLPStaking,<generic-v6-scaffold>,_getRewards,Generate-Hypothesis,1,hypothesis_m425f860e_1,2.74,True
m425f860e,StaxLPStaking,<generic-v6-scaffold>,_getRewards,Generate-Test,1,tool/Alchemist/wd7/test/test_m425f860e_1.ts,4.77,True
m425f860e,StaxLPStaking,<generic-v6-scaffold>,_getRewards,SuMo-Pretest,1,tool/Alchemist/wd7/test/test_m425f860e_1.ts,6.0,False
m425f860e,StaxLPStaking,<generic-v6-scaffold>,_getRewards,Generate-Fixed-Test,1,tool/Alchemist/wd7/test/test_m425f860e_1_1.ts,3.75,True
m425f860e,StaxLPStaking,<generic-v6-scaffold>,_getRewards,SuMo-Pretest,2,tool/Alchemist/wd7/test/test_m425f860e_1_1.ts,5.95,False
m7d31e677,StaxLPStaking,<generic-v6-scaffold>,_getReward,Generate-Hypothesis,1,hypothesis_m7d31e677_1,2.44,True
m7d31e677,StaxLPStaking,<generic-v6-scaffold>,_getReward,Generate-Test,1,tool/Alchemist/wd7/test/test_m7d31e677_1.ts,8.85,True
m7d31e677,StaxLPStaking,<generic-v6-scaffold>,_getReward,SuMo-Pretest,1,tool/Alchemist/wd7/test/test_m7d31e677_1.ts,5.93,False
m7d31e677,StaxLPStaking,<generic-v6-scaffold>,_getReward,Generate-Fixed-Test,1,tool/Alchemist/wd7/test/test_m7d31e677_1_1.ts,6.15,True
m7d31e677,StaxLPStaking,<generic-v6-scaffold>,_getReward,SuMo-Pretest,2,tool/Alchemist/wd7/test/test_m7d31e677_1_1.ts,5.9,False
m1b3d474b,StaxLPStaking,<generic-v6-scaffold>,_getReward,Generate-Hypothesis,1,hypothesis_m1b3d474b_1,3.9,True
m1b3d474b,StaxLPStaking,<generic-v6-scaffold>,_getReward,Generate-Test,1,tool/Alchemist/wd7/test/test_m1b3d474b_1.ts,45.73,True
m1b3d474b,StaxLPStaking,<generic-v6-scaffold>,_getReward,SuMo-Pretest,1,tool/Alchemist/wd7/test/test_m1b3d474b_1.ts,6.0,False
m1b3d474b,StaxLPStaking,<generic-v6-scaffold>,_getReward,Generate-Fixed-Test,1,tool/Alchemist/wd7/test/test_m1b3d474b_1_1.ts,14.48,True
m1b3d474b,StaxLPStaking,<generic-v6-scaffold>,_getReward,SuMo-Pretest,2,tool/Alchemist/wd7/test/test_m1b3d474b_1_1.ts,5.9,False
m1b192b9c,StaxLPStaking,<generic-v6-scaffold>,_lastTimeRewardApplicable,Generate-Hypothesis,1,hypothesis_m1b192b9c_1,4.13,True
m1b192b9c,StaxLPStaking,<generic-v6-scaffold>,_lastTimeRewardApplicable,Generate-Test,1,tool/Alchemist/wd7/test/test_m1b192b9c_1.ts,10.65,True
m1b192b9c,StaxLPStaking,<generic-v6-scaffold>,_lastTimeRewardApplicable,SuMo-Pretest,1,tool/Alchemist/wd7/test/test_m1b192b9c_1.ts,5.91,False
m1b192b9c,StaxLPStaking,<generic-v6-scaffold>,_lastTimeRewardApplicable,Generate-Fixed-Test,1,tool/Alchemist/wd7/test/test_m1b192b9c_1_1.ts,6.61,True
m1b192b9c,StaxLPStaking,<generic-v6-scaffold>,_lastTimeRewardApplicable,SuMo-Pretest,2,tool/Alchemist/wd7/test/test_m1b192b9c_1_1.ts,5.9,False
meaf75637,StaxLPStaking,<generic-v6-scaffold>,_lastTimeRewardApplicable,Generate-Hypothesis,1,hypothesis_meaf75637_1,2.87,True
meaf75637,StaxLPStaking,<generic-v6-scaffold>,_lastTimeRewardApplicable,Generate-Test,1,tool/Alchemist/wd7/test/test_meaf75637_1.ts,25.7,True
meaf75637,StaxLPStaking,<generic-v6-scaffold>,_lastTimeRewardApplicable,SuMo-Pretest,1,tool/Alchemist/wd7/test/test_meaf75637_1.ts,5.82,False
meaf75637,StaxLPStaking,<generic-v6-scaffold>,_lastTimeRewardApplicable,Generate-Fixed-Test,1,tool/Alchemist/wd7/test/test_meaf75637_1_1.ts,6.3,True
meaf75637,StaxLPStaking,<generic-v6-scaffold>,_lastTimeRewardApplicable,SuMo-Pretest,2,tool/Alchemist/wd7/test/test_meaf75637_1_1.ts,5.76,False
m439dca87,StaxLPStaking,<generic-v6-scaffold>,_notifyReward,Generate-Hypothesis,1,hypothesis_m439dca87_1,5.9,True
m439dca87,StaxLPStaking,<generic-v6-scaffold>,_notifyReward,Generate-Test,1,tool/Alchemist/wd7/test/test_m439dca87_1.ts,11.6,True
m439dca87,StaxLPStaking,<generic-v6-scaffold>,_notifyReward,SuMo-Pretest,1,tool/Alchemist/wd7/test/test_m439dca87_1.ts,5.87,False
m439dca87,StaxLPStaking,<generic-v6-scaffold>,_notifyReward,Generate-Fixed-Test,1,tool/Alchemist/wd7/test/test_m439dca87_1_1.ts,6.47,True
m439dca87,StaxLPStaking,<generic-v6-scaffold>,_notifyReward,SuMo-Pretest,2,tool/Alchemist/wd7/test/test_m439dca87_1_1.ts,5.81,False
mdb2ff6e7,StaxLPStaking,<generic-v6-scaffold>,_notifyReward,Generate-Hypothesis,1,hypothesis_mdb2ff6e7_1,3.8,True
mdb2ff6e7,StaxLPStaking,<generic-v6-scaffold>,_notifyReward,Generate-Test,1,tool/Alchemist/wd7/test/test_mdb2ff6e7_1.ts,10.87,True
mdb2ff6e7,StaxLPStaking,<generic-v6-scaffold>,_notifyReward,SuMo-Pretest,1,tool/Alchemist/wd7/test/test_mdb2ff6e7_1.ts,5.72,False
mdb2ff6e7,StaxLPStaking,<generic-v6-scaffold>,_notifyReward,Generate-Fixed-Test,1,tool/Alchemist/wd7/test/test_mdb2ff6e7_1_1.ts,8.17,True
mdb2ff6e7,StaxLPStaking,<generic-v6-scaffold>,_notifyReward,SuMo-Pretest,2,tool/Alchemist/wd7/test/test_mdb2ff6e7_1_1.ts,5.83,False
m9497e076,StaxLPStaking,<generic-v6-scaffold>,_notifyReward,Generate-Hypothesis,1,hypothesis_m9497e076_1,3.03,True
m9497e076,StaxLPStaking,<generic-v6-scaffold>,_notifyReward,Generate-Test,1,tool/Alchemist/wd7/test/test_m9497e076_1.ts,6.83,True
m9497e076,StaxLPStaking,<generic-v6-scaffold>,_notifyReward,SuMo-Pretest,1,tool/Alchemist/wd7/test/test_m9497e076_1.ts,5.73,False
m9497e076,StaxLPStaking,<generic-v6-scaffold>,_notifyReward,Generate-Fixed-Test,1,tool/Alchemist/wd7/test/test_m9497e076_1_1.ts,4.52,True
m9497e076,StaxLPStaking,<generic-v6-scaffold>,_notifyReward,SuMo-Pretest,2,tool/Alchemist/wd7/test/test_m9497e076_1_1.ts,5.82,False
m461fe53a,StaxLPStaking,<generic-v6-scaffold>,_notifyReward,Generate-Hypothesis,1,hypothesis_m461fe53a_1,2.65,True
m461fe53a,StaxLPStaking,<generic-v6-scaffold>,_notifyReward,Generate-Test,1,tool/Alchemist/wd7/test/test_m461fe53a_1.ts,8.89,True
m461fe53a,StaxLPStaking,<generic-v6-scaffold>,_notifyReward,SuMo-Pretest,1,tool/Alchemist/wd7/test/test_m461fe53a_1.ts,5.78,False
m461fe53a,StaxLPStaking,<generic-v6-scaffold>,_notifyReward,Generate-Fixed-Test,1,tool/Alchemist/wd7/test/test_m461fe53a_1_1.ts,5.75,True
m461fe53a,StaxLPStaking,<generic-v6-scaffold>,_notifyReward,SuMo-Pretest,2,tool/Alchemist/wd7/test/test_m461fe53a_1_1.ts,5.75,False
mdff53176,StaxLPStaking,<generic-v6-scaffold>,_notifyReward,Generate-Hypothesis,1,hypothesis_mdff53176_1,2.48,True
mdff53176,StaxLPStaking,<generic-v6-scaffold>,_notifyReward,Generate-Test,1,tool/Alchemist/wd7/test/test_mdff53176_1.ts,7.32,True
mdff53176,StaxLPStaking,<generic-v6-scaffold>,_notifyReward,SuMo-Pretest,1,tool/Alchemist/wd7/test/test_mdff53176_1.ts,5.85,False
mdff53176,StaxLPStaking,<generic-v6-scaffold>,_notifyReward,Generate-Fixed-Test,1,tool/Alchemist/wd7/test/test_mdff53176_1_1.ts,5.23,True
mdff53176,StaxLPStaking,<generic-v6-scaffold>,_notifyReward,SuMo-Pretest,2,tool/Alchemist/wd7/test/test_mdff53176_1_1.ts,5.72,False
ma58ef563,StaxLPStaking,<generic-v6-scaffold>,_notifyReward,Generate-Hypothesis,1,hypothesis_ma58ef563_1,3.13,True
ma58ef563,StaxLPStaking,<generic-v6-scaffold>,_notifyReward,Generate-Test,1,tool/Alchemist/wd7/test/test_ma58ef563_1.ts,9.39,True
ma58ef563,StaxLPStaking,<generic-v6-scaffold>,_notifyReward,SuMo-Pretest,1,tool/Alchemist/wd7/test/test_ma58ef563_1.ts,5.94,False
ma58ef563,StaxLPStaking,<generic-v6-scaffold>,_notifyReward,Generate-Fixed-Test,1,tool/Alchemist/wd7/test/test_ma58ef563_1_1.ts,6.35,True
ma58ef563,StaxLPStaking,<generic-v6-scaffold>,_notifyReward,SuMo-Pretest,2,tool/Alchemist/wd7/test/test_ma58ef563_1_1.ts,5.85,False
m6a000f2f,StaxLPStaking,<generic-v6-scaffold>,_notifyReward,Generate-Hypothesis,1,hypothesis_m6a000f2f_1,3.32,True
m6a000f2f,StaxLPStaking,<generic-v6-scaffold>,_notifyReward,Generate-Test,1,tool/Alchemist/wd7/test/test_m6a000f2f_1.ts,16.46,True
m6a000f2f,StaxLPStaking,<generic-v6-scaffold>,_notifyReward,SuMo-Pretest,1,tool/Alchemist/wd7/test/test_m6a000f2f_1.ts,5.87,False
m6a000f2f,StaxLPStaking,<generic-v6-scaffold>,_notifyReward,Generate-Fixed-Test,1,tool/Alchemist/wd7/test/test_m6a000f2f_1_1.ts,9.76,True
m6a000f2f,StaxLPStaking,<generic-v6-scaffold>,_notifyReward,SuMo-Pretest,2,tool/Alchemist/wd7/test/test_m6a000f2f_1_1.ts,5.88,False
m1bde1718,StaxLPStaking,<generic-v6-scaffold>,_notifyReward,Generate-Hypothesis,1,hypothesis_m1bde1718_1,4.01,True
m1bde1718,StaxLPStaking,<generic-v6-scaffold>,_notifyReward,Generate-Test,1,tool/Alchemist/wd7/test/test_m1bde1718_1.ts,7.51,True
m1bde1718,StaxLPStaking,<generic-v6-scaffold>,_notifyReward,SuMo-Pretest,1,tool/Alchemist/wd7/test/test_m1bde1718_1.ts,5.79,False
m1bde1718,StaxLPStaking,<generic-v6-scaffold>,_notifyReward,Generate-Fixed-Test,1,tool/Alchemist/wd7/test/test_m1bde1718_1_1.ts,5.79,True
m1bde1718,StaxLPStaking,<generic-v6-scaffold>,_notifyReward,SuMo-Pretest,2,tool/Alchemist/wd7/test/test_m1bde1718_1_1.ts,5.83,False
m46528045,StaxLPStaking,<generic-v6-scaffold>,_notifyReward,Generate-Hypothesis,1,hypothesis_m46528045_1,3.35,True
m46528045,StaxLPStaking,<generic-v6-scaffold>,_notifyReward,Generate-Test,1,tool/Alchemist/wd7/test/test_m46528045_1.ts,10.27,True
m46528045,StaxLPStaking,<generic-v6-scaffold>,_notifyReward,SuMo-Pretest,1,tool/Alchemist/wd7/test/test_m46528045_1.ts,5.93,False
m46528045,StaxLPStaking,<generic-v6-scaffold>,_notifyReward,Generate-Fixed-Test,1,tool/Alchemist/wd7/test/test_m46528045_1_1.ts,6.77,True
m46528045,StaxLPStaking,<generic-v6-scaffold>,_notifyReward,SuMo-Pretest,2,tool/Alchemist/wd7/test/test_m46528045_1_1.ts,5.76,False
mb4915c99,StaxLPStaking,<generic-v6-scaffold>,_notifyReward,Generate-Hypothesis,1,hypothesis_mb4915c99_1,4.12,True
mb4915c99,StaxLPStaking,<generic-v6-scaffold>,_notifyReward,Generate-Test,1,tool/Alchemist/wd7/test/test_mb4915c99_1.ts,8.26,True
mb4915c99,StaxLPStaking,<generic-v6-scaffold>,_notifyReward,SuMo-Pretest,1,tool/Alchemist/wd7/test/test_mb4915c99_1.ts,6.03,False
mb4915c99,StaxLPStaking,<generic-v6-scaffold>,_notifyReward,Generate-Fixed-Test,1,tool/Alchemist/wd7/test/test_mb4915c99_1_1.ts,5.91,True
mb4915c99,StaxLPStaking,<generic-v6-scaffold>,_notifyReward,SuMo-Pretest,2,tool/Alchemist/wd7/test/test_mb4915c99_1_1.ts,5.9,False
m5bb080cb,StaxLPStaking,<generic-v6-scaffold>,_notifyReward,Generate-Hypothesis,1,hypothesis_m5bb080cb_1,3.32,True
m5bb080cb,StaxLPStaking,<generic-v6-scaffold>,_notifyReward,Generate-Test,1,tool/Alchemist/wd7/test/test_m5bb080cb_1.ts,6.13,True
m5bb080cb,StaxLPStaking,<generic-v6-scaffold>,_notifyReward,SuMo-Pretest,1,tool/Alchemist/wd7/test/test_m5bb080cb_1.ts,5.8,False
m5bb080cb,StaxLPStaking,<generic-v6-scaffold>,_notifyReward,Generate-Fixed-Test,1,tool/Alchemist/wd7/test/test_m5bb080cb_1_1.ts,4.39,True
m5bb080cb,StaxLPStaking,<generic-v6-scaffold>,_notifyReward,SuMo-Pretest,2,tool/Alchemist/wd7/test/test_m5bb080cb_1_1.ts,5.82,False
m24eb692f,StaxLPStaking,<generic-v6-scaffold>,_notifyReward,Generate-Hypothesis,1,hypothesis_m24eb692f_1,3.54,True
m24eb692f,StaxLPStaking,<generic-v6-scaffold>,_notifyReward,Generate-Test,1,tool/Alchemist/wd7/test/test_m24eb692f_1.ts,11.0,True
m24eb692f,StaxLPStaking,<generic-v6-scaffold>,_notifyReward,SuMo-Pretest,1,tool/Alchemist/wd7/test/test_m24eb692f_1.ts,5.95,False
m24eb692f,StaxLPStaking,<generic-v6-scaffold>,_notifyReward,Generate-Fixed-Test,1,tool/Alchemist/wd7/test/test_m24eb692f_1_1.ts,7.86,True
m24eb692f,StaxLPStaking,<generic-v6-scaffold>,_notifyReward,SuMo-Pretest,2,tool/Alchemist/wd7/test/test_m24eb692f_1_1.ts,5.76,False
m951e5bfc,StaxLPStaking,<generic-v6-scaffold>,_notifyReward,Generate-Hypothesis,1,hypothesis_m951e5bfc_1,3.44,True
m951e5bfc,StaxLPStaking,<generic-v6-scaffold>,_notifyReward,Generate-Test,1,tool/Alchemist/wd7/test/test_m951e5bfc_1.ts,12.15,True
m951e5bfc,StaxLPStaking,<generic-v6-scaffold>,_notifyReward,SuMo-Pretest,1,tool/Alchemist/wd7/test/test_m951e5bfc_1.ts,5.84,False
m951e5bfc,StaxLPStaking,<generic-v6-scaffold>,_notifyReward,Generate-Fixed-Test,1,tool/Alchemist/wd7/test/test_m951e5bfc_1_1.ts,6.67,True
m951e5bfc,StaxLPStaking,<generic-v6-scaffold>,_notifyReward,SuMo-Pretest,2,tool/Alchemist/wd7/test/test_m951e5bfc_1_1.ts,5.78,False
m4362dfd3,StaxLPStaking,<generic-v6-scaffold>,_notifyReward,Generate-Hypothesis,1,hypothesis_m4362dfd3_1,4.35,True
m4362dfd3,StaxLPStaking,<generic-v6-scaffold>,_notifyReward,Generate-Test,1,tool/Alchemist/wd7/test/test_m4362dfd3_1.ts,8.31,True
m4362dfd3,StaxLPStaking,<generic-v6-scaffold>,_notifyReward,SuMo-Pretest,1,tool/Alchemist/wd7/test/test_m4362dfd3_1.ts,5.84,False
m4362dfd3,StaxLPStaking,<generic-v6-scaffold>,_notifyReward,Generate-Fixed-Test,1,tool/Alchemist/wd7/test/test_m4362dfd3_1_1.ts,5.82,True
m4362dfd3,StaxLPStaking,<generic-v6-scaffold>,_notifyReward,SuMo-Pretest,2,tool/Alchemist/wd7/test/test_m4362dfd3_1_1.ts,5.73,False
mc64939a0,StaxLPStaking,<generic-v6-scaffold>,_notifyReward,Generate-Hypothesis,1,hypothesis_mc64939a0_1,3.11,True
mc64939a0,StaxLPStaking,<generic-v6-scaffold>,_notifyReward,Generate-Test,1,tool/Alchemist/wd7/test/test_mc64939a0_1.ts,9.48,True
mc64939a0,StaxLPStaking,<generic-v6-scaffold>,_notifyReward,SuMo-Pretest,1,tool/Alchemist/wd7/test/test_mc64939a0_1.ts,5.9,False
mc64939a0,StaxLPStaking,<generic-v6-scaffold>,_notifyReward,Generate-Fixed-Test,1,tool/Alchemist/wd7/test/test_mc64939a0_1_1.ts,6.27,True
mc64939a0,StaxLPStaking,<generic-v6-scaffold>,_notifyReward,SuMo-Pretest,2,tool/Alchemist/wd7/test/test_mc64939a0_1_1.ts,5.8,False
m9f246440,StaxLPStaking,<generic-v6-scaffold>,notifyRewardAmount,Generate-Hypothesis,1,hypothesis_m9f246440_1,2.25,True
m9f246440,StaxLPStaking,<generic-v6-scaffold>,notifyRewardAmount,Generate-Test,1,tool/Alchemist/wd7/test/test_m9f246440_1.ts,5.08,True
m9f246440,StaxLPStaking,<generic-v6-scaffold>,notifyRewardAmount,SuMo-Pretest,1,tool/Alchemist/wd7/test/test_m9f246440_1.ts,5.78,False
m9f246440,StaxLPStaking,<generic-v6-scaffold>,notifyRewardAmount,Generate-Fixed-Test,1,tool/Alchemist/wd7/test/test_m9f246440_1_1.ts,3.73,True
m9f246440,StaxLPStaking,<generic-v6-scaffold>,notifyRewardAmount,SuMo-Pretest,2,tool/Alchemist/wd7/test/test_m9f246440_1_1.ts,5.77,False
m307f67c5,StaxLPStaking,<generic-v6-scaffold>,notifyRewardAmount,Generate-Hypothesis,1,hypothesis_m307f67c5_1,2.75,True
m307f67c5,StaxLPStaking,<generic-v6-scaffold>,notifyRewardAmount,Generate-Test,1,tool/Alchemist/wd7/test/test_m307f67c5_1.ts,4.21,True
m307f67c5,StaxLPStaking,<generic-v6-scaffold>,notifyRewardAmount,SuMo-Pretest,1,tool/Alchemist/wd7/test/test_m307f67c5_1.ts,5.82,False
m307f67c5,StaxLPStaking,<generic-v6-scaffold>,notifyRewardAmount,Generate-Fixed-Test,1,tool/Alchemist/wd7/test/test_m307f67c5_1_1.ts,3.29,True
m307f67c5,StaxLPStaking,<generic-v6-scaffold>,notifyRewardAmount,SuMo-Pretest,2,tool/Alchemist/wd7/test/test_m307f67c5_1_1.ts,5.81,False
m353434e0,StaxLPStaking,<generic-v6-scaffold>,notifyRewardAmount,Generate-Hypothesis,1,hypothesis_m353434e0_1,2.79,True
m353434e0,StaxLPStaking,<generic-v6-scaffold>,notifyRewardAmount,Generate-Test,1,tool/Alchemist/wd7/test/test_m353434e0_1.ts,4.18,True
m353434e0,StaxLPStaking,<generic-v6-scaffold>,notifyRewardAmount,SuMo-Pretest,1,tool/Alchemist/wd7/test/test_m353434e0_1.ts,5.77,False
m353434e0,StaxLPStaking,<generic-v6-scaffold>,notifyRewardAmount,Generate-Fixed-Test,1,tool/Alchemist/wd7/test/test_m353434e0_1_1.ts,2.99,True
m353434e0,StaxLPStaking,<generic-v6-scaffold>,notifyRewardAmount,SuMo-Pretest,2,tool/Alchemist/wd7/test/test_m353434e0_1_1.ts,5.75,False
m7f713e7d,StaxLPStaking,<generic-v6-scaffold>,notifyRewardAmount,Generate-Hypothesis,1,hypothesis_m7f713e7d_1,2.55,True
m7f713e7d,StaxLPStaking,<generic-v6-scaffold>,notifyRewardAmount,Generate-Test,1,tool/Alchemist/wd7/test/test_m7f713e7d_1.ts,7.23,True
m7f713e7d,StaxLPStaking,<generic-v6-scaffold>,notifyRewardAmount,SuMo-Pretest,1,tool/Alchemist/wd7/test/test_m7f713e7d_1.ts,5.79,False
m7f713e7d,StaxLPStaking,<generic-v6-scaffold>,notifyRewardAmount,Generate-Fixed-Test,1,tool/Alchemist/wd7/test/test_m7f713e7d_1_1.ts,4.39,True
m7f713e7d,StaxLPStaking,<generic-v6-scaffold>,notifyRewardAmount,SuMo-Pretest,2,tool/Alchemist/wd7/test/test_m7f713e7d_1_1.ts,5.86,False
m3a42b8fc,StaxLPStaking,<generic-v6-scaffold>,modifier:onlyMigrator,Generate-Hypothesis,1,hypothesis_m3a42b8fc_1,2.95,True
m3a42b8fc,StaxLPStaking,<generic-v6-scaffold>,modifier:onlyMigrator,Generate-Test,1,tool/Alchemist/wd7/test/test_m3a42b8fc_1.ts,6.13,True
m3a42b8fc,StaxLPStaking,<generic-v6-scaffold>,modifier:onlyMigrator,SuMo-Pretest,1,tool/Alchemist/wd7/test/test_m3a42b8fc_1.ts,5.77,False
m3a42b8fc,StaxLPStaking,<generic-v6-scaffold>,modifier:onlyMigrator,Generate-Fixed-Test,1,tool/Alchemist/wd7/test/test_m3a42b8fc_1_1.ts,3.52,True
m3a42b8fc,StaxLPStaking,<generic-v6-scaffold>,modifier:onlyMigrator,SuMo-Pretest,2,tool/Alchemist/wd7/test/test_m3a42b8fc_1_1.ts,5.74,False
mb3f402d3,StaxLPStaking,<generic-v6-scaffold>,modifier:updateReward,Generate-Hypothesis,1,hypothesis_mb3f402d3_1,2.92,True
mb3f402d3,StaxLPStaking,<generic-v6-scaffold>,modifier:updateReward,Generate-Test,1,tool/Alchemist/wd7/test/test_mb3f402d3_1.ts,6.45,True
mb3f402d3,StaxLPStaking,<generic-v6-scaffold>,modifier:updateReward,SuMo-Pretest,1,tool/Alchemist/wd7/test/test_mb3f402d3_1.ts,5.83,False
mb3f402d3,StaxLPStaking,<generic-v6-scaffold>,modifier:updateReward,Generate-Fixed-Test,1,tool/Alchemist/wd7/test/test_mb3f402d3_1_1.ts,4.4,True
mb3f402d3,StaxLPStaking,<generic-v6-scaffold>,modifier:updateReward,SuMo-Pretest,2,tool/Alchemist/wd7/test/test_mb3f402d3_1_1.ts,5.78,False
m9b7a45dd,StaxLPStaking,<generic-v6-scaffold>,modifier:updateReward,Generate-Hypothesis,1,hypothesis_m9b7a45dd_1,3.84,True
m9b7a45dd,StaxLPStaking,<generic-v6-scaffold>,modifier:updateReward,Generate-Test,1,tool/Alchemist/wd7/test/test_m9b7a45dd_1.ts,5.85,True
m9b7a45dd,StaxLPStaking,<generic-v6-scaffold>,modifier:updateReward,SuMo-Pretest,1,tool/Alchemist/wd7/test/test_m9b7a45dd_1.ts,5.77,False
m9b7a45dd,StaxLPStaking,<generic-v6-scaffold>,modifier:updateReward,Generate-Fixed-Test,1,tool/Alchemist/wd7/test/test_m9b7a45dd_1_1.ts,4.71,True
m9b7a45dd,StaxLPStaking,<generic-v6-scaffold>,modifier:updateReward,SuMo-Pretest,2,tool/Alchemist/wd7/test/test_m9b7a45dd_1_1.ts,6.0,False
m885f3eec,StaxLPStaking,<generic-v6-scaffold>,modifier:updateReward,Generate-Hypothesis,1,hypothesis_m885f3eec_1,5.83,True
m885f3eec,StaxLPStaking,<generic-v6-scaffold>,modifier:updateReward,Generate-Test,1,tool/Alchemist/wd7/test/test_m885f3eec_1.ts,8.04,True
m885f3eec,StaxLPStaking,<generic-v6-scaffold>,modifier:updateReward,SuMo-Pretest,1,tool/Alchemist/wd7/test/test_m885f3eec_1.ts,5.82,False
m885f3eec,StaxLPStaking,<generic-v6-scaffold>,modifier:updateReward,Generate-Fixed-Test,1,tool/Alchemist/wd7/test/test_m885f3eec_1_1.ts,6.19,True
m885f3eec,StaxLPStaking,<generic-v6-scaffold>,modifier:updateReward,SuMo-Pretest,2,tool/Alchemist/wd7/test/test_m885f3eec_1_1.ts,5.75,False
m71b5af47,StaxLPStaking,<generic-v6-scaffold>,_rewardPerToken,Generate-Hypothesis,1,hypothesis_m71b5af47_1,3.89,True
m71b5af47,StaxLPStaking,<generic-v6-scaffold>,_rewardPerToken,Generate-Test,1,tool/Alchemist/wd7/test/test_m71b5af47_1.ts,8.3,True
m71b5af47,StaxLPStaking,<generic-v6-scaffold>,_rewardPerToken,SuMo-Pretest,1,tool/Alchemist/wd7/test/test_m71b5af47_1.ts,5.94,False
m71b5af47,StaxLPStaking,<generic-v6-scaffold>,_rewardPerToken,Generate-Fixed-Test,1,tool/Alchemist/wd7/test/test_m71b5af47_1_1.ts,5.23,True
m71b5af47,StaxLPStaking,<generic-v6-scaffold>,_rewardPerToken,SuMo-Pretest,2,tool/Alchemist/wd7/test/test_m71b5af47_1_1.ts,5.84,False
m80325dc6,StaxLPStaking,<generic-v6-scaffold>,_rewardPerToken,Generate-Hypothesis,1,hypothesis_m80325dc6_1,4.07,True
m80325dc6,StaxLPStaking,<generic-v6-scaffold>,_rewardPerToken,Generate-Test,1,tool/Alchemist/wd7/test/test_m80325dc6_1.ts,5.55,True
m80325dc6,StaxLPStaking,<generic-v6-scaffold>,_rewardPerToken,SuMo-Pretest,1,tool/Alchemist/wd7/test/test_m80325dc6_1.ts,5.82,False
m80325dc6,StaxLPStaking,<generic-v6-scaffold>,_rewardPerToken,Generate-Fixed-Test,1,tool/Alchemist/wd7/test/test_m80325dc6_1_1.ts,3.67,True
m80325dc6,StaxLPStaking,<generic-v6-scaffold>,_rewardPerToken,SuMo-Pretest,2,tool/Alchemist/wd7/test/test_m80325dc6_1_1.ts,5.76,False
m135b1023,StaxLPStaking,<generic-v6-scaffold>,_withdrawFor,Generate-Hypothesis,1,hypothesis_m135b1023_1,2.59,True
m135b1023,StaxLPStaking,<generic-v6-scaffold>,_withdrawFor,Generate-Test,1,tool/Alchemist/wd7/test/test_m135b1023_1.ts,6.61,True
m135b1023,StaxLPStaking,<generic-v6-scaffold>,_withdrawFor,SuMo-Pretest,1,tool/Alchemist/wd7/test/test_m135b1023_1.ts,5.76,False
m135b1023,StaxLPStaking,<generic-v6-scaffold>,_withdrawFor,Generate-Fixed-Test,1,tool/Alchemist/wd7/test/test_m135b1023_1_1.ts,4.92,True
m135b1023,StaxLPStaking,<generic-v6-scaffold>,_withdrawFor,SuMo-Pretest,2,tool/Alchemist/wd7/test/test_m135b1023_1_1.ts,5.91,False
m193fef89,StaxLPStaking,<generic-v6-scaffold>,_withdrawFor,Generate-Hypothesis,1,hypothesis_m193fef89_1,3.99,True
m193fef89,StaxLPStaking,<generic-v6-scaffold>,_withdrawFor,Generate-Test,1,tool/Alchemist/wd7/test/test_m193fef89_1.ts,6.5,True
m193fef89,StaxLPStaking,<generic-v6-scaffold>,_withdrawFor,SuMo-Pretest,1,tool/Alchemist/wd7/test/test_m193fef89_1.ts,5.99,False
m193fef89,StaxLPStaking,<generic-v6-scaffold>,_withdrawFor,Generate-Fixed-Test,1,tool/Alchemist/wd7/test/test_m193fef89_1_1.ts,5.56,True
m193fef89,StaxLPStaking,<generic-v6-scaffold>,_withdrawFor,SuMo-Pretest,2,tool/Alchemist/wd7/test/test_m193fef89_1_1.ts,5.89,False
mb0e11c3a,StaxLPStaking,<generic-v6-scaffold>,_getReward,Generate-Hypothesis,1,hypothesis_mb0e11c3a_1,3.02,True
mb0e11c3a,StaxLPStaking,<generic-v6-scaffold>,_getReward,Generate-Test,1,tool/Alchemist/wd7/test/test_mb0e11c3a_1.ts,6.25,True
mb0e11c3a,StaxLPStaking,<generic-v6-scaffold>,_getReward,SuMo-Pretest,1,tool/Alchemist/wd7/test/test_mb0e11c3a_1.ts,5.8,False
mb0e11c3a,StaxLPStaking,<generic-v6-scaffold>,_getReward,Generate-Fixed-Test,1,tool/Alchemist/wd7/test/test_mb0e11c3a_1_1.ts,5.3,True
mb0e11c3a,StaxLPStaking,<generic-v6-scaffold>,_getReward,SuMo-Pretest,2,tool/Alchemist/wd7/test/test_mb0e11c3a_1_1.ts,5.78,False
m1368313b,StaxLPStaking,<generic-v6-scaffold>,_getReward,Generate-Hypothesis,1,hypothesis_m1368313b_1,2.93,True
m1368313b,StaxLPStaking,<generic-v6-scaffold>,_getReward,Generate-Test,1,tool/Alchemist/wd7/test/test_m1368313b_1.ts,7.13,True
m1368313b,StaxLPStaking,<generic-v6-scaffold>,_getReward,SuMo-Pretest,1,tool/Alchemist/wd7/test/test_m1368313b_1.ts,5.87,False
m1368313b,StaxLPStaking,<generic-v6-scaffold>,_getReward,Generate-Fixed-Test,1,tool/Alchemist/wd7/test/test_m1368313b_1_1.ts,5.19,True
m1368313b,StaxLPStaking,<generic-v6-scaffold>,_getReward,SuMo-Pretest,2,tool/Alchemist/wd7/test/test_m1368313b_1_1.ts,5.95,False
md27a125c,StaxLPStaking,<generic-v6-scaffold>,_lastTimeRewardApplicable,Generate-Hypothesis,1,hypothesis_md27a125c_1,5.17,True
md27a125c,StaxLPStaking,<generic-v6-scaffold>,_lastTimeRewardApplicable,Generate-Test,1,tool/Alchemist/wd7/test/test_md27a125c_1.ts,8.13,True
md27a125c,StaxLPStaking,<generic-v6-scaffold>,_lastTimeRewardApplicable,SuMo-Pretest,1,tool/Alchemist/wd7/test/test_md27a125c_1.ts,5.98,False
md27a125c,StaxLPStaking,<generic-v6-scaffold>,_lastTimeRewardApplicable,Generate-Fixed-Test,1,tool/Alchemist/wd7/test/test_md27a125c_1_1.ts,6.01,True
md27a125c,StaxLPStaking,<generic-v6-scaffold>,_lastTimeRewardApplicable,SuMo-Pretest,2,tool/Alchemist/wd7/test/test_md27a125c_1_1.ts,5.94,False
m2aef4d7b,StaxLPStaking,<generic-v6-scaffold>,_lastTimeRewardApplicable,Generate-Hypothesis,1,hypothesis_m2aef4d7b_1,4.2,True
m2aef4d7b,StaxLPStaking,<generic-v6-scaffold>,_lastTimeRewardApplicable,Generate-Test,1,tool/Alchemist/wd7/test/test_m2aef4d7b_1.ts,8.25,True
m2aef4d7b,StaxLPStaking,<generic-v6-scaffold>,_lastTimeRewardApplicable,SuMo-Pretest,1,tool/Alchemist/wd7/test/test_m2aef4d7b_1.ts,5.78,False
m2aef4d7b,StaxLPStaking,<generic-v6-scaffold>,_lastTimeRewardApplicable,Generate-Fixed-Test,1,tool/Alchemist/wd7/test/test_m2aef4d7b_1_1.ts,5.41,True
m2aef4d7b,StaxLPStaking,<generic-v6-scaffold>,_lastTimeRewardApplicable,SuMo-Pretest,2,tool/Alchemist/wd7/test/test_m2aef4d7b_1_1.ts,5.83,False
m876e8669,StaxLPStaking,<generic-v6-scaffold>,_notifyReward,Generate-Hypothesis,1,hypothesis_m876e8669_1,5.39,True
m876e8669,StaxLPStaking,<generic-v6-scaffold>,_notifyReward,Generate-Test,1,tool/Alchemist/wd7/test/test_m876e8669_1.ts,11.86,True
m876e8669,StaxLPStaking,<generic-v6-scaffold>,_notifyReward,SuMo-Pretest,1,tool/Alchemist/wd7/test/test_m876e8669_1.ts,5.9,False
m876e8669,StaxLPStaking,<generic-v6-scaffold>,_notifyReward,Generate-Fixed-Test,1,tool/Alchemist/wd7/test/test_m876e8669_1_1.ts,7.33,True
m876e8669,StaxLPStaking,<generic-v6-scaffold>,_notifyReward,SuMo-Pretest,2,tool/Alchemist/wd7/test/test_m876e8669_1_1.ts,5.91,False
me8068e24,StaxLPStaking,<generic-v6-scaffold>,_notifyReward,Generate-Hypothesis,1,hypothesis_me8068e24_1,4.02,True
me8068e24,StaxLPStaking,<generic-v6-scaffold>,_notifyReward,Generate-Test,1,tool/Alchemist/wd7/test/test_me8068e24_1.ts,8.59,True
me8068e24,StaxLPStaking,<generic-v6-scaffold>,_notifyReward,SuMo-Pretest,1,tool/Alchemist/wd7/test/test_me8068e24_1.ts,5.85,False
me8068e24,StaxLPStaking,<generic-v6-scaffold>,_notifyReward,Generate-Fixed-Test,1,tool/Alchemist/wd7/test/test_me8068e24_1_1.ts,6.62,True
me8068e24,StaxLPStaking,<generic-v6-scaffold>,_notifyReward,SuMo-Pretest,2,tool/Alchemist/wd7/test/test_me8068e24_1_1.ts,5.81,False
m6d7d6ec8,StaxLPStaking,<generic-v6-scaffold>,_notifyReward,Generate-Hypothesis,1,hypothesis_m6d7d6ec8_1,4.51,True
m6d7d6ec8,StaxLPStaking,<generic-v6-scaffold>,_notifyReward,Generate-Test,1,tool/Alchemist/wd7/test/test_m6d7d6ec8_1.ts,13.72,True
m6d7d6ec8,StaxLPStaking,<generic-v6-scaffold>,_notifyReward,SuMo-Pretest,1,tool/Alchemist/wd7/test/test_m6d7d6ec8_1.ts,5.79,False
m6d7d6ec8,StaxLPStaking,<generic-v6-scaffold>,_notifyReward,Generate-Fixed-Test,1,tool/Alchemist/wd7/test/test_m6d7d6ec8_1_1.ts,8.87,True
m6d7d6ec8,StaxLPStaking,<generic-v6-scaffold>,_notifyReward,SuMo-Pretest,2,tool/Alchemist/wd7/test/test_m6d7d6ec8_1_1.ts,5.92,False
mbf935f41,StaxLPStaking,<generic-v6-scaffold>,modifier:updateReward,Generate-Hypothesis,1,hypothesis_mbf935f41_1,4.45,True
mbf935f41,StaxLPStaking,<generic-v6-scaffold>,modifier:updateReward,Generate-Test,1,tool/Alchemist/wd7/test/test_mbf935f41_1.ts,6.78,True
mbf935f41,StaxLPStaking,<generic-v6-scaffold>,modifier:updateReward,SuMo-Pretest,1,tool/Alchemist/wd7/test/test_mbf935f41_1.ts,5.81,False
mbf935f41,StaxLPStaking,<generic-v6-scaffold>,modifier:updateReward,Generate-Fixed-Test,1,tool/Alchemist/wd7/test/test_mbf935f41_1_1.ts,5.23,True
mbf935f41,StaxLPStaking,<generic-v6-scaffold>,modifier:updateReward,SuMo-Pretest,2,tool/Alchemist/wd7/test/test_mbf935f41_1_1.ts,5.85,False
m9e06537f,StaxLPStaking,<generic-v6-scaffold>,modifier:updateReward,Generate-Hypothesis,1,hypothesis_m9e06537f_1,2.94,True
m9e06537f,StaxLPStaking,<generic-v6-scaffold>,modifier:updateReward,Generate-Test,1,tool/Alchemist/wd7/test/test_m9e06537f_1.ts,7.72,True
m9e06537f,StaxLPStaking,<generic-v6-scaffold>,modifier:updateReward,SuMo-Pretest,1,tool/Alchemist/wd7/test/test_m9e06537f_1.ts,5.79,False
m9e06537f,StaxLPStaking,<generic-v6-scaffold>,modifier:updateReward,Generate-Fixed-Test,1,tool/Alchemist/wd7/test/test_m9e06537f_1_1.ts,5.64,True
m9e06537f,StaxLPStaking,<generic-v6-scaffold>,modifier:updateReward,SuMo-Pretest,2,tool/Alchemist/wd7/test/test_m9e06537f_1_1.ts,5.86,False
m3003b541,StaxLPStaking,<generic-v6-scaffold>,setRewardDistributor,Generate-Hypothesis,1,hypothesis_m3003b541_1,2.48,True
m3003b541,StaxLPStaking,<generic-v6-scaffold>,setRewardDistributor,Generate-Test,1,tool/Alchemist/wd7/test/test_m3003b541_1.ts,4.09,True
m3003b541,StaxLPStaking,<generic-v6-scaffold>,setRewardDistributor,SuMo-Pretest,1,tool/Alchemist/wd7/test/test_m3003b541_1.ts,5.78,False
m3003b541,StaxLPStaking,<generic-v6-scaffold>,setRewardDistributor,Generate-Fixed-Test,1,tool/Alchemist/wd7/test/test_m3003b541_1_1.ts,3.52,True
m3003b541,StaxLPStaking,<generic-v6-scaffold>,setRewardDistributor,SuMo-Pretest,2,tool/Alchemist/wd7/test/test_m3003b541_1_1.ts,5.77,False
m7aeb36b2,StaxLPStaking,<generic-v6-scaffold>,_applyStake,Generate-Hypothesis,1,hypothesis_m7aeb36b2_1,1.73,True
m7aeb36b2,StaxLPStaking,<generic-v6-scaffold>,_applyStake,Generate-Test,1,tool/Alchemist/wd7/test/test_m7aeb36b2_1.ts,3.87,True
m7aeb36b2,StaxLPStaking,<generic-v6-scaffold>,_applyStake,SuMo-Pretest,1,tool/Alchemist/wd7/test/test_m7aeb36b2_1.ts,5.79,False
m7aeb36b2,StaxLPStaking,<generic-v6-scaffold>,_applyStake,Generate-Fixed-Test,1,tool/Alchemist/wd7/test/test_m7aeb36b2_1_1.ts,3.21,True
m7aeb36b2,StaxLPStaking,<generic-v6-scaffold>,_applyStake,SuMo-Pretest,2,tool/Alchemist/wd7/test/test_m7aeb36b2_1_1.ts,5.82,False
m79258a94,StaxLPStaking,<generic-v6-scaffold>,_withdrawFor,Generate-Hypothesis,1,hypothesis_m79258a94_1,1.78,True
m79258a94,StaxLPStaking,<generic-v6-scaffold>,_withdrawFor,Generate-Test,1,tool/Alchemist/wd7/test/test_m79258a94_1.ts,3.58,True
m79258a94,StaxLPStaking,<generic-v6-scaffold>,_withdrawFor,SuMo-Pretest,1,tool/Alchemist/wd7/test/test_m79258a94_1.ts,5.78,False
m79258a94,StaxLPStaking,<generic-v6-scaffold>,_withdrawFor,Generate-Fixed-Test,1,tool/Alchemist/wd7/test/test_m79258a94_1_1.ts,3.42,True
m79258a94,StaxLPStaking,<generic-v6-scaffold>,_withdrawFor,SuMo-Pretest,2,tool/Alchemist/wd7/test/test_m79258a94_1_1.ts,5.82,False
mf6b66955,StaxLPStaking,<generic-v6-scaffold>,_getReward,Generate-Hypothesis,1,hypothesis_mf6b66955_1,2.09,True
mf6b66955,StaxLPStaking,<generic-v6-scaffold>,_getReward,Generate-Test,1,tool/Alchemist/wd7/test/test_mf6b66955_1.ts,5.99,True
mf6b66955,StaxLPStaking,<generic-v6-scaffold>,_getReward,SuMo-Pretest,1,tool/Alchemist/wd7/test/test_mf6b66955_1.ts,5.87,False
mf6b66955,StaxLPStaking,<generic-v6-scaffold>,_getReward,Generate-Fixed-Test,1,tool/Alchemist/wd7/test/test_mf6b66955_1_1.ts,4.58,True
mf6b66955,StaxLPStaking,<generic-v6-scaffold>,_getReward,SuMo-Pretest,2,tool/Alchemist/wd7/test/test_mf6b66955_1_1.ts,5.89,False
m65b4e34d,StaxLPStaking,<generic-v6-scaffold>,notifyRewardAmount,Generate-Hypothesis,1,hypothesis_m65b4e34d_1,1.67,True
m65b4e34d,StaxLPStaking,<generic-v6-scaffold>,notifyRewardAmount,Generate-Test,1,tool/Alchemist/wd7/test/test_m65b4e34d_1.ts,4.74,True
m65b4e34d,StaxLPStaking,<generic-v6-scaffold>,notifyRewardAmount,SuMo-Pretest,1,tool/Alchemist/wd7/test/test_m65b4e34d_1.ts,5.82,False
m65b4e34d,StaxLPStaking,<generic-v6-scaffold>,notifyRewardAmount,Generate-Fixed-Test,1,tool/Alchemist/wd7/test/test_m65b4e34d_1_1.ts,4.11,True
m65b4e34d,StaxLPStaking,<generic-v6-scaffold>,notifyRewardAmount,SuMo-Pretest,2,tool/Alchemist/wd7/test/test_m65b4e34d_1_1.ts,5.81,False
m4dce04ef,StaxLPStaking,<generic-v6-scaffold>,setMigrator,Generate-Hypothesis,1,hypothesis_m4dce04ef_1,1.8,True
m4dce04ef,StaxLPStaking,<generic-v6-scaffold>,setMigrator,Generate-Test,1,tool/Alchemist/wd7/test/test_m4dce04ef_1.ts,3.49,True
m4dce04ef,StaxLPStaking,<generic-v6-scaffold>,setMigrator,SuMo-Pretest,1,tool/Alchemist/wd7/test/test_m4dce04ef_1.ts,5.84,False
m4dce04ef,StaxLPStaking,<generic-v6-scaffold>,setMigrator,Generate-Fixed-Test,1,tool/Alchemist/wd7/test/test_m4dce04ef_1_1.ts,2.44,True
m4dce04ef,StaxLPStaking,<generic-v6-scaffold>,setMigrator,SuMo-Pretest,2,tool/Alchemist/wd7/test/test_m4dce04ef_1_1.ts,5.8,False
m6273815f,StaxLPStaking,<generic-v6-scaffold>,addReward,Generate-Hypothesis,1,hypothesis_m6273815f_1,2.52,True
m6273815f,StaxLPStaking,<generic-v6-scaffold>,addReward,Generate-Test,1,tool/Alchemist/wd7/test/test_m6273815f_1.ts,4.27,True
m6273815f,StaxLPStaking,<generic-v6-scaffold>,addReward,SuMo-Pretest,1,tool/Alchemist/wd7/test/test_m6273815f_1.ts,5.81,False
m6273815f,StaxLPStaking,<generic-v6-scaffold>,addReward,Generate-Fixed-Test,1,tool/Alchemist/wd7/test/test_m6273815f_1_1.ts,3.06,True
m6273815f,StaxLPStaking,<generic-v6-scaffold>,addReward,SuMo-Pretest,2,tool/Alchemist/wd7/test/test_m6273815f_1_1.ts,5.81,False
m3246a883,StaxLPStaking,<generic-v6-scaffold>,stakeFor,Generate-Hypothesis,1,hypothesis_m3246a883_1,2.18,True
m3246a883,StaxLPStaking,<generic-v6-scaffold>,stakeFor,Generate-Test,1,tool/Alchemist/wd7/test/test_m3246a883_1.ts,3.45,True
m3246a883,StaxLPStaking,<generic-v6-scaffold>,stakeFor,SuMo-Pretest,1,tool/Alchemist/wd7/test/test_m3246a883_1.ts,5.91,False
m3246a883,StaxLPStaking,<generic-v6-scaffold>,stakeFor,Generate-Fixed-Test,1,tool/Alchemist/wd7/test/test_m3246a883_1_1.ts,2.83,True
m3246a883,StaxLPStaking,<generic-v6-scaffold>,stakeFor,SuMo-Pretest,2,tool/Alchemist/wd7/test/test_m3246a883_1_1.ts,5.92,False
m6ef86570,StaxLPStaking,<generic-v6-scaffold>,_withdrawFor,Generate-Hypothesis,1,hypothesis_m6ef86570_1,1.93,True
m6ef86570,StaxLPStaking,<generic-v6-scaffold>,_withdrawFor,Generate-Test,1,tool/Alchemist/wd7/test/test_m6ef86570_1.ts,4.62,True
m6ef86570,StaxLPStaking,<generic-v6-scaffold>,_withdrawFor,SuMo-Pretest,1,tool/Alchemist/wd7/test/test_m6ef86570_1.ts,5.8,False
m6ef86570,StaxLPStaking,<generic-v6-scaffold>,_withdrawFor,Generate-Fixed-Test,1,tool/Alchemist/wd7/test/test_m6ef86570_1_1.ts,3.54,True
m6ef86570,StaxLPStaking,<generic-v6-scaffold>,_withdrawFor,SuMo-Pretest,2,tool/Alchemist/wd7/test/test_m6ef86570_1_1.ts,5.81,False
m92f7895c,StaxLPStaking,<generic-v6-scaffold>,_withdrawFor,Generate-Hypothesis,1,hypothesis_m92f7895c_1,2.5,True
m92f7895c,StaxLPStaking,<generic-v6-scaffold>,_withdrawFor,Generate-Test,1,tool/Alchemist/wd7/test/test_m92f7895c_1.ts,4.77,True
m92f7895c,StaxLPStaking,<generic-v6-scaffold>,_withdrawFor,SuMo-Pretest,1,tool/Alchemist/wd7/test/test_m92f7895c_1.ts,5.81,False
m92f7895c,StaxLPStaking,<generic-v6-scaffold>,_withdrawFor,Generate-Fixed-Test,1,tool/Alchemist/wd7/test/test_m92f7895c_1_1.ts,2.96,True
m92f7895c,StaxLPStaking,<generic-v6-scaffold>,_withdrawFor,SuMo-Pretest,2,tool/Alchemist/wd7/test/test_m92f7895c_1_1.ts,5.85,False
m506a01f9,StaxLPStaking,<generic-v6-scaffold>,notifyRewardAmount,Generate-Hypothesis,1,hypothesis_m506a01f9_1,2.28,True
m506a01f9,StaxLPStaking,<generic-v6-scaffold>,notifyRewardAmount,Generate-Test,1,tool/Alchemist/wd7/test/test_m506a01f9_1.ts,4.72,True
m506a01f9,StaxLPStaking,<generic-v6-scaffold>,notifyRewardAmount,SuMo-Pretest,1,tool/Alchemist/wd7/test/test_m506a01f9_1.ts,5.95,False
m506a01f9,StaxLPStaking,<generic-v6-scaffold>,notifyRewardAmount,Generate-Fixed-Test,1,tool/Alchemist/wd7/test/test_m506a01f9_1_1.ts,3.62,True
m506a01f9,StaxLPStaking,<generic-v6-scaffold>,notifyRewardAmount,SuMo-Pretest,2,tool/Alchemist/wd7/test/test_m506a01f9_1_1.ts,5.89,False
md7cc7833,StaxLPStaking,<generic-v6-scaffold>,notifyRewardAmount,Generate-Hypothesis,1,hypothesis_md7cc7833_1,1.79,True
md7cc7833,StaxLPStaking,<generic-v6-scaffold>,notifyRewardAmount,Generate-Test,1,tool/Alchemist/wd7/test/test_md7cc7833_1.ts,3.97,True
md7cc7833,StaxLPStaking,<generic-v6-scaffold>,notifyRewardAmount,SuMo-Pretest,1,tool/Alchemist/wd7/test/test_md7cc7833_1.ts,5.86,False
md7cc7833,StaxLPStaking,<generic-v6-scaffold>,notifyRewardAmount,Generate-Fixed-Test,1,tool/Alchemist/wd7/test/test_md7cc7833_1_1.ts,3.26,True
md7cc7833,StaxLPStaking,<generic-v6-scaffold>,notifyRewardAmount,SuMo-Pretest,2,tool/Alchemist/wd7/test/test_md7cc7833_1_1.ts,6.1,False
m7efe6611,StaxLPStaking,<generic-v6-scaffold>,notifyRewardAmount,Generate-Hypothesis,1,hypothesis_m7efe6611_1,2.55,True
m7efe6611,StaxLPStaking,<generic-v6-scaffold>,notifyRewardAmount,Generate-Test,1,tool/Alchemist/wd7/test/test_m7efe6611_1.ts,4.16,True
m7efe6611,StaxLPStaking,<generic-v6-scaffold>,notifyRewardAmount,SuMo-Pretest,1,tool/Alchemist/wd7/test/test_m7efe6611_1.ts,5.82,False
m7efe6611,StaxLPStaking,<generic-v6-scaffold>,notifyRewardAmount,Generate-Fixed-Test,1,tool/Alchemist/wd7/test/test_m7efe6611_1_1.ts,2.8,True
m7efe6611,StaxLPStaking,<generic-v6-scaffold>,notifyRewardAmount,SuMo-Pretest,2,tool/Alchemist/wd7/test/test_m7efe6611_1_1.ts,5.8,False
m763b50df,StaxLPStaking,<generic-v6-scaffold>,modifier:onlyMigrator,Generate-Hypothesis,1,hypothesis_m763b50df_1,2.26,True
m763b50df,StaxLPStaking,<generic-v6-scaffold>,modifier:onlyMigrator,Generate-Test,1,tool/Alchemist/wd7/test/test_m763b50df_1.ts,4.54,True
m763b50df,StaxLPStaking,<generic-v6-scaffold>,modifier:onlyMigrator,SuMo-Pretest,1,tool/Alchemist/wd7/test/test_m763b50df_1.ts,5.8,False
m763b50df,StaxLPStaking,<generic-v6-scaffold>,modifier:onlyMigrator,Generate-Fixed-Test,1,tool/Alchemist/wd7/test/test_m763b50df_1_1.ts,4.07,True
m763b50df,StaxLPStaking,<generic-v6-scaffold>,modifier:onlyMigrator,SuMo-Pretest,2,tool/Alchemist/wd7/test/test_m763b50df_1_1.ts,5.89,False
m20238580,StaxLPStaking,<generic-v6-scaffold>,addReward,Generate-Hypothesis,1,hypothesis_m20238580_1,2.68,True
m20238580,StaxLPStaking,<generic-v6-scaffold>,addReward,Generate-Test,1,tool/Alchemist/wd7/test/test_m20238580_1.ts,6.54,True
m20238580,StaxLPStaking,<generic-v6-scaffold>,addReward,SuMo-Pretest,1,tool/Alchemist/wd7/test/test_m20238580_1.ts,5.94,False
m20238580,StaxLPStaking,<generic-v6-scaffold>,addReward,Generate-Fixed-Test,1,tool/Alchemist/wd7/test/test_m20238580_1_1.ts,4.83,True
m20238580,StaxLPStaking,<generic-v6-scaffold>,addReward,SuMo-Pretest,2,tool/Alchemist/wd7/test/test_m20238580_1_1.ts,5.89,False
m52d12884,StaxLPStaking,<generic-v6-scaffold>,addReward,Generate-Hypothesis,1,hypothesis_m52d12884_1,3.43,True
m52d12884,StaxLPStaking,<generic-v6-scaffold>,addReward,Generate-Test,1,tool/Alchemist/wd7/test/test_m52d12884_1.ts,5.29,True
m52d12884,StaxLPStaking,<generic-v6-scaffold>,addReward,SuMo-Pretest,1,tool/Alchemist/wd7/test/test_m52d12884_1.ts,5.88,False
m52d12884,StaxLPStaking,<generic-v6-scaffold>,addReward,Generate-Fixed-Test,1,tool/Alchemist/wd7/test/test_m52d12884_1_1.ts,3.74,True
m52d12884,StaxLPStaking,<generic-v6-scaffold>,addReward,SuMo-Pretest,2,tool/Alchemist/wd7/test/test_m52d12884_1_1.ts,5.79,False
m94326f5d,StaxLPStaking,<generic-v6-scaffold>,_lastTimeRewardApplicable,Generate-Hypothesis,1,hypothesis_m94326f5d_1,3.56,True
m94326f5d,StaxLPStaking,<generic-v6-scaffold>,_lastTimeRewardApplicable,Generate-Test,1,tool/Alchemist/wd7/test/test_m94326f5d_1.ts,7.95,True
m94326f5d,StaxLPStaking,<generic-v6-scaffold>,_lastTimeRewardApplicable,SuMo-Pretest,1,tool/Alchemist/wd7/test/test_m94326f5d_1.ts,5.83,False
m94326f5d,StaxLPStaking,<generic-v6-scaffold>,_lastTimeRewardApplicable,Generate-Fixed-Test,1,tool/Alchemist/wd7/test/test_m94326f5d_1_1.ts,5.24,True
m94326f5d,StaxLPStaking,<generic-v6-scaffold>,_lastTimeRewardApplicable,SuMo-Pretest,2,tool/Alchemist/wd7/test/test_m94326f5d_1_1.ts,5.88,False
m4e6330d4,StaxLPStaking,<generic-v6-scaffold>,_lastTimeRewardApplicable,Generate-Hypothesis,1,hypothesis_m4e6330d4_1,3.25,True
m4e6330d4,StaxLPStaking,<generic-v6-scaffold>,_lastTimeRewardApplicable,Generate-Test,1,tool/Alchemist/wd7/test/test_m4e6330d4_1.ts,8.47,True
m4e6330d4,StaxLPStaking,<generic-v6-scaffold>,_lastTimeRewardApplicable,SuMo-Pretest,1,tool/Alchemist/wd7/test/test_m4e6330d4_1.ts,5.96,False
m4e6330d4,StaxLPStaking,<generic-v6-scaffold>,_lastTimeRewardApplicable,Generate-Fixed-Test,1,tool/Alchemist/wd7/test/test_m4e6330d4_1_1.ts,5.55,True
m4e6330d4,StaxLPStaking,<generic-v6-scaffold>,_lastTimeRewardApplicable,SuMo-Pretest,2,tool/Alchemist/wd7/test/test_m4e6330d4_1_1.ts,5.86,False
m1f0eb9d6,StaxLPStaking,<generic-v6-scaffold>,_notifyReward,Generate-Hypothesis,1,hypothesis_m1f0eb9d6_1,3.9,True
m1f0eb9d6,StaxLPStaking,<generic-v6-scaffold>,_notifyReward,Generate-Test,1,tool/Alchemist/wd7/test/test_m1f0eb9d6_1.ts,11.13,True
m1f0eb9d6,StaxLPStaking,<generic-v6-scaffold>,_notifyReward,SuMo-Pretest,1,tool/Alchemist/wd7/test/test_m1f0eb9d6_1.ts,5.8,False
m1f0eb9d6,StaxLPStaking,<generic-v6-scaffold>,_notifyReward,Generate-Fixed-Test,1,tool/Alchemist/wd7/test/test_m1f0eb9d6_1_1.ts,7.45,True
m1f0eb9d6,StaxLPStaking,<generic-v6-scaffold>,_notifyReward,SuMo-Pretest,2,tool/Alchemist/wd7/test/test_m1f0eb9d6_1_1.ts,5.83,False
mf8007ad3,StaxLPStaking,<generic-v6-scaffold>,_notifyReward,Generate-Hypothesis,1,hypothesis_mf8007ad3_1,4.35,True
mf8007ad3,StaxLPStaking,<generic-v6-scaffold>,_notifyReward,Generate-Test,1,tool/Alchemist/wd7/test/test_mf8007ad3_1.ts,11.52,True
mf8007ad3,StaxLPStaking,<generic-v6-scaffold>,_notifyReward,SuMo-Pretest,1,tool/Alchemist/wd7/test/test_mf8007ad3_1.ts,5.95,False
mf8007ad3,StaxLPStaking,<generic-v6-scaffold>,_notifyReward,Generate-Fixed-Test,1,tool/Alchemist/wd7/test/test_mf8007ad3_1_1.ts,7.87,True
mf8007ad3,StaxLPStaking,<generic-v6-scaffold>,_notifyReward,SuMo-Pretest,2,tool/Alchemist/wd7/test/test_mf8007ad3_1_1.ts,5.89,False
m40457911,StaxLPStaking,<generic-v6-scaffold>,_notifyReward,Generate-Hypothesis,1,hypothesis_m40457911_1,2.75,True
m40457911,StaxLPStaking,<generic-v6-scaffold>,_notifyReward,Generate-Test,1,tool/Alchemist/wd7/test/test_m40457911_1.ts,7.89,True
m40457911,StaxLPStaking,<generic-v6-scaffold>,_notifyReward,SuMo-Pretest,1,tool/Alchemist/wd7/test/test_m40457911_1.ts,5.8,False
m40457911,StaxLPStaking,<generic-v6-scaffold>,_notifyReward,Generate-Fixed-Test,1,tool/Alchemist/wd7/test/test_m40457911_1_1.ts,5.36,True
m40457911,StaxLPStaking,<generic-v6-scaffold>,_notifyReward,SuMo-Pretest,2,tool/Alchemist/wd7/test/test_m40457911_1_1.ts,5.83,False
mbe0978c8,StaxLPStaking,<generic-v6-scaffold>,_notifyReward,Generate-Hypothesis,1,hypothesis_mbe0978c8_1,3.24,True
mbe0978c8,StaxLPStaking,<generic-v6-scaffold>,_notifyReward,Generate-Test,1,tool/Alchemist/wd7/test/test_mbe0978c8_1.ts,6.95,True
mbe0978c8,StaxLPStaking,<generic-v6-scaffold>,_notifyReward,SuMo-Pretest,1,tool/Alchemist/wd7/test/test_mbe0978c8_1.ts,5.92,False
mbe0978c8,StaxLPStaking,<generic-v6-scaffold>,_notifyReward,Generate-Fixed-Test,1,tool/Alchemist/wd7/test/test_mbe0978c8_1_1.ts,4.77,True
mbe0978c8,StaxLPStaking,<generic-v6-scaffold>,_notifyReward,SuMo-Pretest,2,tool/Alchemist/wd7/test/test_mbe0978c8_1_1.ts,5.91,False
m3005ac9c,StaxLPStaking,<generic-v6-scaffold>,setRewardDistributor,Generate-Hypothesis,1,hypothesis_m3005ac9c_1,1.89,True
m3005ac9c,StaxLPStaking,<generic-v6-scaffold>,setRewardDistributor,Generate-Test,1,tool/Alchemist/wd7/test/test_m3005ac9c_1.ts,2.96,True
m3005ac9c,StaxLPStaking,<generic-v6-scaffold>,setRewardDistributor,SuMo-Pretest,1,tool/Alchemist/wd7/test/test_m3005ac9c_1.ts,5.88,False
m3005ac9c,StaxLPStaking,<generic-v6-scaffold>,setRewardDistributor,Generate-Fixed-Test,1,tool/Alchemist/wd7/test/test_m3005ac9c_1_1.ts,2.31,True
m3005ac9c,StaxLPStaking,<generic-v6-scaffold>,setRewardDistributor,SuMo-Pretest,2,tool/Alchemist/wd7/test/test_m3005ac9c_1_1.ts,5.88,False
m01451a88,StaxLPStaking,<generic-v6-scaffold>,addReward,Generate-Hypothesis,1,hypothesis_m01451a88_1,1.26,True
m01451a88,StaxLPStaking,<generic-v6-scaffold>,addReward,Generate-Test,1,tool/Alchemist/wd7/test/test_m01451a88_1.ts,3.62,True
m01451a88,StaxLPStaking,<generic-v6-scaffold>,addReward,SuMo-Pretest,1,tool/Alchemist/wd7/test/test_m01451a88_1.ts,5.85,False
m01451a88,StaxLPStaking,<generic-v6-scaffold>,addReward,Generate-Fixed-Test,1,tool/Alchemist/wd7/test/test_m01451a88_1_1.ts,2.82,True
m01451a88,StaxLPStaking,<generic-v6-scaffold>,addReward,SuMo-Pretest,2,tool/Alchemist/wd7/test/test_m01451a88_1_1.ts,5.87,False
mcf92bc4f,StaxLPStaking,<generic-v6-scaffold>,_applyStake,Generate-Hypothesis,1,hypothesis_mcf92bc4f_1,2.79,True
mcf92bc4f,StaxLPStaking,<generic-v6-scaffold>,_applyStake,Generate-Test,1,tool/Alchemist/wd7/test/test_mcf92bc4f_1.ts,5.75,True
mcf92bc4f,StaxLPStaking,<generic-v6-scaffold>,_applyStake,SuMo-Pretest,1,tool/Alchemist/wd7/test/test_mcf92bc4f_1.ts,5.87,False
mcf92bc4f,StaxLPStaking,<generic-v6-scaffold>,_applyStake,Generate-Fixed-Test,1,tool/Alchemist/wd7/test/test_mcf92bc4f_1_1.ts,4.31,True
mcf92bc4f,StaxLPStaking,<generic-v6-scaffold>,_applyStake,SuMo-Pretest,2,tool/Alchemist/wd7/test/test_mcf92bc4f_1_1.ts,5.88,False
mab6b1f77,StaxLPStaking,<generic-v6-scaffold>,_withdrawFor,Generate-Hypothesis,1,hypothesis_mab6b1f77_1,2.56,True
mab6b1f77,StaxLPStaking,<generic-v6-scaffold>,_withdrawFor,Generate-Test,1,tool/Alchemist/wd7/test/test_mab6b1f77_1.ts,6.45,True
mab6b1f77,StaxLPStaking,<generic-v6-scaffold>,_withdrawFor,SuMo-Pretest,1,tool/Alchemist/wd7/test/test_mab6b1f77_1.ts,5.96,False
mab6b1f77,StaxLPStaking,<generic-v6-scaffold>,_withdrawFor,Generate-Fixed-Test,1,tool/Alchemist/wd7/test/test_mab6b1f77_1_1.ts,4.95,True
mab6b1f77,StaxLPStaking,<generic-v6-scaffold>,_withdrawFor,SuMo-Pretest,2,tool/Alchemist/wd7/test/test_mab6b1f77_1_1.ts,5.84,False
mf9e1accd,StaxLPStaking,<generic-v6-scaffold>,getRewards,Generate-Hypothesis,1,hypothesis_mf9e1accd_1,3.16,True
mf9e1accd,StaxLPStaking,<generic-v6-scaffold>,getRewards,Generate-Test,1,tool/Alchemist/wd7/test/test_mf9e1accd_1.ts,5.61,True
mf9e1accd,StaxLPStaking,<generic-v6-scaffold>,getRewards,SuMo-Pretest,1,tool/Alchemist/wd7/test/test_mf9e1accd_1.ts,5.87,False
mf9e1accd,StaxLPStaking,<generic-v6-scaffold>,getRewards,Generate-Fixed-Test,1,tool/Alchemist/wd7/test/test_mf9e1accd_1_1.ts,4.21,True
mf9e1accd,StaxLPStaking,<generic-v6-scaffold>,getRewards,SuMo-Pretest,2,tool/Alchemist/wd7/test/test_mf9e1accd_1_1.ts,5.86,False
m8e91bcee,StaxLPStaking,<generic-v6-scaffold>,getReward,Generate-Hypothesis,1,hypothesis_m8e91bcee_1,3.29,True
m8e91bcee,StaxLPStaking,<generic-v6-scaffold>,getReward,Generate-Test,1,tool/Alchemist/wd7/test/test_m8e91bcee_1.ts,8.02,True
m8e91bcee,StaxLPStaking,<generic-v6-scaffold>,getReward,SuMo-Pretest,1,tool/Alchemist/wd7/test/test_m8e91bcee_1.ts,5.84,False
m8e91bcee,StaxLPStaking,<generic-v6-scaffold>,getReward,Generate-Fixed-Test,1,tool/Alchemist/wd7/test/test_m8e91bcee_1_1.ts,6.47,True
m8e91bcee,StaxLPStaking,<generic-v6-scaffold>,getReward,SuMo-Pretest,2,tool/Alchemist/wd7/test/test_m8e91bcee_1_1.ts,5.84,False
m2cb4687f,StaxLPStaking,<generic-v6-scaffold>,notifyRewardAmount,Generate-Hypothesis,1,hypothesis_m2cb4687f_1,3.08,True
m2cb4687f,StaxLPStaking,<generic-v6-scaffold>,notifyRewardAmount,Generate-Test,1,tool/Alchemist/wd7/test/test_m2cb4687f_1.ts,7.28,True
m2cb4687f,StaxLPStaking,<generic-v6-scaffold>,notifyRewardAmount,SuMo-Pretest,1,tool/Alchemist/wd7/test/test_m2cb4687f_1.ts,5.9,False
m2cb4687f,StaxLPStaking,<generic-v6-scaffold>,notifyRewardAmount,Generate-Fixed-Test,1,tool/Alchemist/wd7/test/test_m2cb4687f_1_1.ts,5.19,True
m2cb4687f,StaxLPStaking,<generic-v6-scaffold>,notifyRewardAmount,SuMo-Pretest,2,tool/Alchemist/wd7/test/test_m2cb4687f_1_1.ts,5.82,False
ma75cd1a0,StaxLPStaking,<generic-v6-scaffold>,setMigrator,Generate-Hypothesis,1,hypothesis_ma75cd1a0_1,1.89,True
ma75cd1a0,StaxLPStaking,<generic-v6-scaffold>,setMigrator,Generate-Test,1,tool/Alchemist/wd7/test/test_ma75cd1a0_1.ts,3.58,True
ma75cd1a0,StaxLPStaking,<generic-v6-scaffold>,setMigrator,SuMo-Pretest,1,tool/Alchemist/wd7/test/test_ma75cd1a0_1.ts,5.85,False
ma75cd1a0,StaxLPStaking,<generic-v6-scaffold>,setMigrator,Generate-Fixed-Test,1,tool/Alchemist/wd7/test/test_ma75cd1a0_1_1.ts,2.48,True
ma75cd1a0,StaxLPStaking,<generic-v6-scaffold>,setMigrator,SuMo-Pretest,2,tool/Alchemist/wd7/test/test_ma75cd1a0_1_1.ts,5.84,False
m6c745a69,StaxLPStaking,<generic-v6-scaffold>,migrateStake,Generate-Hypothesis,1,hypothesis_m6c745a69_1,2.3,True
m6c745a69,StaxLPStaking,<generic-v6-scaffold>,migrateStake,Generate-Test,1,tool/Alchemist/wd7/test/test_m6c745a69_1.ts,3.37,True
m6c745a69,StaxLPStaking,<generic-v6-scaffold>,migrateStake,SuMo-Pretest,1,tool/Alchemist/wd7/test/test_m6c745a69_1.ts,5.93,False
m6c745a69,StaxLPStaking,<generic-v6-scaffold>,migrateStake,Generate-Fixed-Test,1,tool/Alchemist/wd7/test/test_m6c745a69_1_1.ts,2.93,True
m6c745a69,StaxLPStaking,<generic-v6-scaffold>,migrateStake,SuMo-Pretest,2,tool/Alchemist/wd7/test/test_m6c745a69_1_1.ts,5.86,False
m4e91ce9f,StaxLPStaking,<generic-v6-scaffold>,migrateWithdraw,Generate-Hypothesis,1,hypothesis_m4e91ce9f_1,2.48,True
m4e91ce9f,StaxLPStaking,<generic-v6-scaffold>,migrateWithdraw,Generate-Test,1,tool/Alchemist/wd7/test/test_m4e91ce9f_1.ts,4.2,True
m4e91ce9f,StaxLPStaking,<generic-v6-scaffold>,migrateWithdraw,SuMo-Pretest,1,tool/Alchemist/wd7/test/test_m4e91ce9f_1.ts,5.83,False
m4e91ce9f,StaxLPStaking,<generic-v6-scaffold>,migrateWithdraw,Generate-Fixed-Test,1,tool/Alchemist/wd7/test/test_m4e91ce9f_1_1.ts,3.74,True
m4e91ce9f,StaxLPStaking,<generic-v6-scaffold>,migrateWithdraw,SuMo-Pretest,2,tool/Alchemist/wd7/test/test_m4e91ce9f_1_1.ts,5.81,False
mae5d97ab,StaxLPStaking,<generic-v6-scaffold>,totalSupply,Generate-Hypothesis,1,hypothesis_mae5d97ab_1,2.12,True
mae5d97ab,StaxLPStaking,<generic-v6-scaffold>,totalSupply,Generate-Test,1,tool/Alchemist/wd7/test/test_mae5d97ab_1.ts,4.65,True
mae5d97ab,StaxLPStaking,<generic-v6-scaffold>,totalSupply,SuMo-Pretest,1,tool/Alchemist/wd7/test/test_mae5d97ab_1.ts,5.87,False
mae5d97ab,StaxLPStaking,<generic-v6-scaffold>,totalSupply,Generate-Fixed-Test,1,tool/Alchemist/wd7/test/test_mae5d97ab_1_1.ts,3.67,True
mae5d97ab,StaxLPStaking,<generic-v6-scaffold>,totalSupply,SuMo-Pretest,2,tool/Alchemist/wd7/test/test_mae5d97ab_1_1.ts,5.92,False
m3742dc64,StaxLPStaking,<generic-v6-scaffold>,balanceOf,Generate-Hypothesis,1,hypothesis_m3742dc64_1,2.16,True
m3742dc64,StaxLPStaking,<generic-v6-scaffold>,balanceOf,Generate-Test,1,tool/Alchemist/wd7/test/test_m3742dc64_1.ts,3.95,True
m3742dc64,StaxLPStaking,<generic-v6-scaffold>,balanceOf,SuMo-Pretest,1,tool/Alchemist/wd7/test/test_m3742dc64_1.ts,5.85,False
m3742dc64,StaxLPStaking,<generic-v6-scaffold>,balanceOf,Generate-Fixed-Test,1,tool/Alchemist/wd7/test/test_m3742dc64_1_1.ts,2.99,True
m3742dc64,StaxLPStaking,<generic-v6-scaffold>,balanceOf,SuMo-Pretest,2,tool/Alchemist/wd7/test/test_m3742dc64_1_1.ts,5.96,False
mda1c31e6,StaxLPStaking,<generic-v6-scaffold>,_rewardPerToken,Generate-Hypothesis,1,hypothesis_mda1c31e6_1,3.16,True
mda1c31e6,StaxLPStaking,<generic-v6-scaffold>,_rewardPerToken,Generate-Test,1,tool/Alchemist/wd7/test/test_mda1c31e6_1.ts,5.94,True
mda1c31e6,StaxLPStaking,<generic-v6-scaffold>,_rewardPerToken,SuMo-Pretest,1,tool/Alchemist/wd7/test/test_mda1c31e6_1.ts,5.88,False
mda1c31e6,StaxLPStaking,<generic-v6-scaffold>,_rewardPerToken,Generate-Fixed-Test,1,tool/Alchemist/wd7/test/test_mda1c31e6_1_1.ts,4.53,True
mda1c31e6,StaxLPStaking,<generic-v6-scaffold>,_rewardPerToken,SuMo-Pretest,2,tool/Alchemist/wd7/test/test_mda1c31e6_1_1.ts,5.87,False
m547f9019,StaxLPStaking,<generic-v6-scaffold>,_rewardPerToken,Generate-Hypothesis,1,hypothesis_m547f9019_1,3.53,True
m547f9019,StaxLPStaking,<generic-v6-scaffold>,_rewardPerToken,Generate-Test,1,tool/Alchemist/wd7/test/test_m547f9019_1.ts,7.54,True
m547f9019,StaxLPStaking,<generic-v6-scaffold>,_rewardPerToken,SuMo-Pretest,1,tool/Alchemist/wd7/test/test_m547f9019_1.ts,5.8,False
m547f9019,StaxLPStaking,<generic-v6-scaffold>,_rewardPerToken,Generate-Fixed-Test,1,tool/Alchemist/wd7/test/test_m547f9019_1_1.ts,5.64,True
m547f9019,StaxLPStaking,<generic-v6-scaffold>,_rewardPerToken,SuMo-Pretest,2,tool/Alchemist/wd7/test/test_m547f9019_1_1.ts,5.81,False
m4e8137ce,StaxLPStaking,<generic-v6-scaffold>,rewardPerToken,Generate-Hypothesis,1,hypothesis_m4e8137ce_1,2.59,True
m4e8137ce,StaxLPStaking,<generic-v6-scaffold>,rewardPerToken,Generate-Test,1,tool/Alchemist/wd7/test/test_m4e8137ce_1.ts,5.8,True
m4e8137ce,StaxLPStaking,<generic-v6-scaffold>,rewardPerToken,SuMo-Pretest,1,tool/Alchemist/wd7/test/test_m4e8137ce_1.ts,5.84,False
m4e8137ce,StaxLPStaking,<generic-v6-scaffold>,rewardPerToken,Generate-Fixed-Test,1,tool/Alchemist/wd7/test/test_m4e8137ce_1_1.ts,4.41,True
m4e8137ce,StaxLPStaking,<generic-v6-scaffold>,rewardPerToken,SuMo-Pretest,2,tool/Alchemist/wd7/test/test_m4e8137ce_1_1.ts,5.89,False
mcb26ae92,StaxLPStaking,<generic-v6-scaffold>,rewardPeriodFinish,Generate-Hypothesis,1,hypothesis_mcb26ae92_1,3.44,True
mcb26ae92,StaxLPStaking,<generic-v6-scaffold>,rewardPeriodFinish,Generate-Test,1,tool/Alchemist/wd7/test/test_mcb26ae92_1.ts,5.59,True
mcb26ae92,StaxLPStaking,<generic-v6-scaffold>,rewardPeriodFinish,SuMo-Pretest,1,tool/Alchemist/wd7/test/test_mcb26ae92_1.ts,5.82,False
mcb26ae92,StaxLPStaking,<generic-v6-scaffold>,rewardPeriodFinish,Generate-Fixed-Test,1,tool/Alchemist/wd7/test/test_mcb26ae92_1_1.ts,3.84,True
mcb26ae92,StaxLPStaking,<generic-v6-scaffold>,rewardPeriodFinish,SuMo-Pretest,2,tool/Alchemist/wd7/test/test_mcb26ae92_1_1.ts,5.8,False
md81f549c,StaxLPStaking,<generic-v6-scaffold>,earned,Generate-Hypothesis,1,hypothesis_md81f549c_1,2.22,True
md81f549c,StaxLPStaking,<generic-v6-scaffold>,earned,Generate-Test,1,tool/Alchemist/wd7/test/test_md81f549c_1.ts,5.35,True
md81f549c,StaxLPStaking,<generic-v6-scaffold>,earned,SuMo-Pretest,1,tool/Alchemist/wd7/test/test_md81f549c_1.ts,5.88,False
md81f549c,StaxLPStaking,<generic-v6-scaffold>,earned,Generate-Fixed-Test,1,tool/Alchemist/wd7/test/test_md81f549c_1_1.ts,4.75,True
md81f549c,StaxLPStaking,<generic-v6-scaffold>,earned,SuMo-Pretest,2,tool/Alchemist/wd7/test/test_md81f549c_1_1.ts,5.82,False
m3bc2c9d9,StaxLPStaking,<generic-v6-scaffold>,_earned,Generate-Hypothesis,1,hypothesis_m3bc2c9d9_1,2.85,True
m3bc2c9d9,StaxLPStaking,<generic-v6-scaffold>,_earned,Generate-Test,1,tool/Alchemist/wd7/test/test_m3bc2c9d9_1.ts,5.49,True
m3bc2c9d9,StaxLPStaking,<generic-v6-scaffold>,_earned,SuMo-Pretest,1,tool/Alchemist/wd7/test/test_m3bc2c9d9_1.ts,5.94,False
m3bc2c9d9,StaxLPStaking,<generic-v6-scaffold>,_earned,Generate-Fixed-Test,1,tool/Alchemist/wd7/test/test_m3bc2c9d9_1_1.ts,4.25,True
m3bc2c9d9,StaxLPStaking,<generic-v6-scaffold>,_earned,SuMo-Pretest,2,tool/Alchemist/wd7/test/test_m3bc2c9d9_1_1.ts,5.9,False
mfd869fc8,StaxLPStaking,<generic-v6-scaffold>,_lastTimeRewardApplicable,Generate-Hypothesis,1,hypothesis_mfd869fc8_1,3.68,True
mfd869fc8,StaxLPStaking,<generic-v6-scaffold>,_lastTimeRewardApplicable,Generate-Test,1,tool/Alchemist/wd7/test/test_mfd869fc8_1.ts,5.79,True
mfd869fc8,StaxLPStaking,<generic-v6-scaffold>,_lastTimeRewardApplicable,SuMo-Pretest,1,tool/Alchemist/wd7/test/test_mfd869fc8_1.ts,5.83,False
mfd869fc8,StaxLPStaking,<generic-v6-scaffold>,_lastTimeRewardApplicable,Generate-Fixed-Test,1,tool/Alchemist/wd7/test/test_mfd869fc8_1_1.ts,4.68,True
mfd869fc8,StaxLPStaking,<generic-v6-scaffold>,_lastTimeRewardApplicable,SuMo-Pretest,2,tool/Alchemist/wd7/test/test_mfd869fc8_1_1.ts,5.84,False
me0a530e9,StaxLPStaking,<generic-v6-scaffold>,_lastTimeRewardApplicable,Generate-Hypothesis,1,hypothesis_me0a530e9_1,2.8,True
me0a530e9,StaxLPStaking,<generic-v6-scaffold>,_lastTimeRewardApplicable,Generate-Test,1,tool/Alchemist/wd7/test/test_me0a530e9_1.ts,6.87,True
me0a530e9,StaxLPStaking,<generic-v6-scaffold>,_lastTimeRewardApplicable,SuMo-Pretest,1,tool/Alchemist/wd7/test/test_me0a530e9_1.ts,5.86,False
me0a530e9,StaxLPStaking,<generic-v6-scaffold>,_lastTimeRewardApplicable,Generate-Fixed-Test,1,tool/Alchemist/wd7/test/test_me0a530e9_1_1.ts,4.82,True
me0a530e9,StaxLPStaking,<generic-v6-scaffold>,_lastTimeRewardApplicable,SuMo-Pretest,2,tool/Alchemist/wd7/test/test_me0a530e9_1_1.ts,5.83,False
