trial,case_id,group,success,n_target_mutants,n_killed_tests,n_tests_evaluated,t_mutant_gen_s,t_test_gen_s,t_total_s
1,acfix_002_Templedao,REAL,False,119,0,0,2.13,3411.6,3413.73
1,acfix_015_CVE_2018_10666,REAL,False,6,2,2,1.8,106.94,108.74
1,acfix_016_CVE_2018_10705,REAL,False,6,3,3,1.22,89.82,91.03999999999999
1,acfix_021_CVE_2018_19832,REAL,False,128,0,0,0.86,2847.52,2848.38
1,acfix_022_CVE_2018_19833,REAL,False,32,0,0,0.71,637.66,638.37
1,acfix_026_CVE_2019_15080,REAL,False,6,0,0,1.26,115.61,116.87
1,acfix_030_CVE_2021_34272,REAL,False,6,0,0,2.54,147.81,150.35
1,acfix_031_CVE_2021_34273,REAL,False,6,0,0,0.67,102.64,103.31
1,acfix_032_CVE_2021_39167,REAL,False,83,1,1,0.88,1771.8,1772.68
1,acfix_033_CVE_2021_39168,REAL,False,83,0,0,1.24,2116.88,2118.12
1,acfix_077_L1Block,REAL,True,5,0,1,1.31,123.36,124.67
1,acfix_088_EmergencyOracleFactory,REAL,False,4,0,0,1.47,83.01,84.48
1,acfix_3_5_015_CVE_2018_10666,REAL,False,8,3,3,0.92,129.78,130.7
1,acfix_3_5_016_CVE_2018_10705,REAL,False,8,2,2,2.24,182.78,185.02
1,acfix_3_5_076_RoundFactory,REAL,False,19,0,0,1.03,417.14,418.16999999999996
1,acfix_3_5_077_L1Block,REAL,False,6,0,0,1.39,134.01,135.39999999999998
1,acfix_3_5_088_EmergencyOracleFactory,REAL,False,3,0,0,2.17,61.57,63.74
1,acfix_3_5_101_ANCHToken,REAL,False,89,0,0,1.07,2468.28,2469.3500000000004
1,acfix_fixlink_DepositLog,REAL,False,63,0,0,1.14,1467.54,1468.68
1,acfix_fixlink_DnGmxBatchingManager,REAL,False,125,0,0,0.93,1568.26,1569.19
1,acfix_fixlink_MStableYieldSource,REAL,False,20,0,0,0.89,479.84,480.72999999999996
1,acfix_fixlink_Product,REAL,False,,0,0,0.0,0.0,0.0
1,acfix_fixlink_Product2,REAL,False,,0,0,0.0,0.0,0.0
1,acfix_llama3_002_Templedao,REAL,False,119,0,0,1.53,3207.57,3209.1000000000004
1,acfix_llama3_017_CVE_2018_11329,REAL,False,41,1,1,0.49,838.9,839.39
1,acfix_llama3_022_CVE_2018_19833,REAL,False,33,2,2,0.4,583.78,584.18
1,acfix_llama3_024_CVE_2019_15078,REAL,False,129,0,0,0.61,2835.55,2836.1600000000003
1,acfix_real_BaseEscalationManager,REAL,False,8,0,0,0.53,155.52,156.05
1,acfix_real_FlashGovernanceArbiter,REAL,False,101,0,0,1.8,3078.16,3079.96
1,ct_20_Pool_sol_Synth_sol_Failing_Max_Value_Al,REAL,False,,,,,,
1,ct_5_Proposals_can_be_cancelled,REAL,False,99,0,0,0.65,2623.82,2624.4700000000003
1,pop_001_Multicall,REAL,False,2,0,0,12.73,49.52,62.25
1,pop_009_PrivatePool,REAL,False,,,,,,
1,pop_018_PrivatePool,REAL,False,,,,,,
1,pop_020_GSPFunding,REAL,False,77,0,0,3.96,2530.47,2534.43
1,pop_032_PuttyV2,REAL,False,,,,,,
1,pop_033_PrivatePool,REAL,False,,,,,,
1,pop_042_VaultAdapter,REAL,False,105,0,0,2.78,3723.94,3726.7200000000003
1,pop_046_CVXStaker,REAL,False,53,0,0,1.69,1414.99,1416.68
1,pop_048_PrivatePool,REAL,False,,,,,,
1,pop_049_Cooler,REAL,False,140,0,0,1.46,3658.92,3660.38
1,pop_051_LiquidityPool,REAL,False,55,0,0,0.72,1180.76,1181.48
1,pop_058_PuttyV2,REAL,False,,,,,,
1,pop_066_LRTDepositPool,REAL,False,60,0,0,1.19,1514.9,1516.0900000000001
1,pop_070_PhiNFT1155,REAL,False,102,0,0,11.08,3571.23,3582.31
1,pop_077_GameItems,REAL,False,94,0,0,2.07,2249.26,2251.3300000000004
1,pop_077_MergingPool,REAL,False,,,,,,
1,rc_access_control__mycontract__SolGPT__mycontract_2round,BENCH,False,7,0,1,1.54,145.48,147.01999999999998
1,rc_access_control__mycontract__SolGPT__mycontract_3round,BENCH,False,7,0,1,0.48,133.35,133.82999999999998
1,rc_access_control__mycontract__sGuard__mycontract,BENCH,False,2,0,0,1.2,41.71,42.910000000000004
1,rc_access_control__phishable__SmartFix__phishable,BENCH,False,4,0,0,0.85,75.5,76.35
1,rc_access_control__phishable__TIPS__phishable,BENCH,False,4,0,0,1.36,79.6,80.96
1,rc_access_control__phishable__sGuardPlus__phishable,BENCH,False,4,0,0,0.96,79.93,80.89
1,rc_access_control__phishable__sGuard__phishable,BENCH,False,4,0,0,1.94,100.32,102.25999999999999
1,rc_access_control__proxy__SolGPT__proxy_4round,BENCH,False,1,0,0,0.73,21.21,21.94
1,rc_access_control__simple_suicide__SmartFix__simple_suicide,BENCH,True,2,2,2,0.33,23.78,24.11
1,rc_access_control__simple_suicide__sGuardPlus__simple_suicide,BENCH,True,1,1,1,0.54,12.39,12.93
1,rc_access_control__wallet_02_refund_nosub__SmartFix__wallet_02_refund_nosub,BENCH,False,15,2,2,0.63,279.28,279.90999999999997
1,rc_access_control__wallet_02_refund_nosub__SolGPT__wallet_02_refund_nosub_2round,BENCH,False,15,0,0,1.01,352.98,353.99
1,rc_bad_randomness__old_blockhash__SolGPT__old_blockhash_1round,BENCH,False,34,1,1,0.84,821.21,822.0500000000001
1,rc_bad_randomness__old_blockhash__SolGPT__old_blockhash_2round,BENCH,False,37,0,0,0.6,835.16,835.76
1,rc_bad_randomness__old_blockhash__SolGPT__old_blockhash_3round,BENCH,False,33,2,2,0.41,690.23,690.64
1,rc_reentrancy__modifier_reentrancy__SmartFix__modifier_reentrancy,BENCH,False,16,0,1,0.66,387.43,388.09000000000003
1,rc_reentrancy__reentrancy_bonus__SmartFix__reentrancy_bonus,BENCH,False,3,0,0,1.86,18.29,20.15
1,rc_reentrancy__reentrancy_dao__SolGPT__reentrancy_dao_1round,BENCH,False,9,0,0,0.4,161.33,161.73000000000002
1,rc_reentrancy__reentrancy_dao__SolGPT__reentrancy_dao_4round,BENCH,False,9,1,1,0.97,216.29,217.26
1,rc_reentrancy__reentrancy_dao__sGuardPlus__reentrancy_dao,BENCH,False,10,0,0,0.58,235.07,235.65
1,rc_reentrancy__reentrancy_simple__SmartFix__reentrancy_simple,BENCH,False,14,0,0,0.42,272.41,272.83000000000004
1,rc_reentrancy__reentrancy_simple__sGuard__reentrancy_simple,BENCH,False,8,0,0,2.27,205.42,207.69
1,rc_time_manipulation__ether_lotto__SolGPT__ether_lotto_1round,BENCH,False,17,2,2,0.82,450.0,450.82
1,rc_time_manipulation__ether_lotto__SolGPT__ether_lotto_2round,BENCH,False,17,3,3,0.61,369.13,369.74
1,rc_time_manipulation__ether_lotto__SolGPT__ether_lotto_3round,BENCH,False,17,2,2,0.58,371.68,372.26
1,rc_time_manipulation__roulette__SolGPT__roulette_1round,BENCH,False,17,2,2,0.47,325.91,326.38000000000005
1,rc_time_manipulation__roulette__SolGPT__roulette_2round,BENCH,False,17,2,2,0.56,410.16,410.72
1,rc_time_manipulation__roulette__SolGPT__roulette_3round,BENCH,False,19,1,1,0.59,414.14,414.72999999999996
1,rc_time_manipulation__roulette__SolGPT__roulette_4round,BENCH,False,17,2,2,0.46,342.29,342.75
1,rc_unchecked_low_level_calls__0x07f7ecb66d788ab01dc93b9b71a88401de7d0f2e__SolGPT__0x07f7ecb66d788ab01dc93b9b71a88401de7d0f2e_3round,REAL,False,80,0,0,0.69,1808.81,1809.5
1,rc_unchecked_low_level_calls__0x2972d548497286d18e92b5fa1f8f9139e5653fd2__SolGPT__0x2972d548497286d18e92b5fa1f8f9139e5653fd2_3round,REAL,False,8,0,0,0.6,161.12,161.72
1,rc_unchecked_low_level_calls__0x4051334adc52057aca763453820cb0e045076ef3__SolGPT__0x4051334adc52057aca763453820cb0e045076ef3_2round,REAL,False,8,0,0,0.56,163.83,164.39000000000001
1,rc_unchecked_low_level_calls__0x4051334adc52057aca763453820cb0e045076ef3__SolGPT__0x4051334adc52057aca763453820cb0e045076ef3_3round,REAL,False,8,0,0,0.68,158.85,159.53
1,rc_unchecked_low_level_calls__0x4b71ad9c1a84b9b643aa54fdd66e2dec96e8b152__SolGPT__0x4b71ad9c1a84b9b643aa54fdd66e2dec96e8b152_1round,REAL,False,8,2,2,1.17,193.71,194.88
1,rc_unchecked_low_level_calls__0x4b71ad9c1a84b9b643aa54fdd66e2dec96e8b152__SolGPT__0x4b71ad9c1a84b9b643aa54fdd66e2dec96e8b152_2round,REAL,False,8,0,0,0.55,164.65,165.20000000000002
1,rc_unchecked_low_level_calls__0x4b71ad9c1a84b9b643aa54fdd66e2dec96e8b152__SolGPT__0x4b71ad9c1a84b9b643aa54fdd66e2dec96e8b152_3round,REAL,False,8,0,0,0.61,150.31,150.92000000000002
1,rc_unchecked_low_level_calls__0x7d09edb07d23acb532a82be3da5c17d9d85806b4__TIPS__0x7d09edb07d23acb532a82be3da5c17d9d85806b4U2,REAL,False,80,0,0,0.47,1690.91,1691.38
1,rc_unchecked_low_level_calls__0xa1fceeff3acc57d257b917e30c4df661401d6431__SolGPT__0xa1fceeff3acc57d257b917e30c4df661401d6431_1round,REAL,False,20,0,0,0.61,417.31,417.92
1,rc_unchecked_low_level_calls__0xb7c5c5aa4d42967efe906e1b66cb8df9cebf04f7__sGuardPlus__0xb7c5c5aa4d42967efe906e1b66cb8df9cebf04f7,REAL,False,4,0,0,0.86,88.1,88.96
1,rc_unchecked_low_level_calls__0xe894d54dca59cb53fe9cbc5155093605c7068220__TIPS__0xe894d54dca59cb53fe9cbc5155093605c7068220U1,REAL,False,13,0,0,0.62,266.7,267.32
1,rcx_reentrancy__0x23a91059fdc9579a9fbd0edc5f2ea0bfdb70deb4__SmartFix,REAL,False,30,0,0,1.19,758.16,759.35
1,rcx_reentrancy__0x4320e6f8c05b27ab4707cd1f6d5ce6f3e4b3a5a1__SmartFix,REAL,False,33,0,0,0.67,719.13,719.8
1,rcx_reentrancy__0x4e73b32ed6c35f570686b89848e5f39f20ecc106__SmartFix,REAL,False,29,1,1,1.19,714.69,715.8800000000001
1,rcx_reentrancy__0x561eac93c92360949ab1f1403323e6db345cbf31__SmartFix,REAL,False,33,0,0,0.42,626.26,626.68
1,rcx_reentrancy__0x7b368c4e805c3870b6c49a3f1f49f69af8662cf3__SmartFix,REAL,False,35,0,0,1.1,897.0,898.1
1,rcx_reentrancy__0x7b368c4e805c3870b6c49a3f1f49f69af8662cf3__sGuard,REAL,False,25,0,0,0.71,591.41,592.12
1,rcx_reentrancy__0x93c32845fae42c83a70e5f06214c8433665c2ab5__SmartFix,REAL,False,35,0,0,0.41,771.9,772.31
1,rcx_reentrancy__0x93c32845fae42c83a70e5f06214c8433665c2ab5__sGuard,REAL,False,25,0,0,0.92,651.98,652.9
1,rcx_reentrancy__0x96edbe868531bd23a6c05e9d0c424ea64fb1b78b__SmartFix,REAL,False,55,0,1,0.65,1246.17,1246.8200000000002
1,rcx_reentrancy__0x96edbe868531bd23a6c05e9d0c424ea64fb1b78b__sGuard,REAL,False,36,0,0,0.9,866.34,867.24
1,rcx_reentrancy__0xaae1f51cf3339f18b6d3f3bdc75a5facd744b0b8__SmartFix,REAL,False,33,0,0,0.8,808.73,809.53
1,rcx_reentrancy__0xb5e1b1ee15c6fa0e48fce100125569d430f1bd12__SmartFix,REAL,False,29,0,0,0.63,622.6,623.23
1,rcx_reentrancy__0xbe4041d55db380c5ae9d4a9b9703f1ed4e7e3888__SmartFix,REAL,False,47,0,0,0.61,1049.55,1050.1599999999999
1,rcx_reentrancy__0xbe4041d55db380c5ae9d4a9b9703f1ed4e7e3888__sGuard,REAL,False,36,0,0,0.43,733.11,733.54
1,rcx_reentrancy__0xf015c35649c82f5467c9c74b7f28ee67665aad68__SmartFix,REAL,False,35,4,4,0.64,785.08,785.72
1,rcx_reentrancy__0xf015c35649c82f5467c9c74b7f28ee67665aad68__sGuard,REAL,False,25,0,0,0.42,569.16,569.5799999999999
1,rcx_unchecked_low_level_calls__0x3e013fc32a54c4c5b6991ba539dcd0ec4355c859__SmartFix,REAL,False,25,1,1,0.37,510.51,510.88
1,rcx_unchecked_low_level_calls__0x4a66ad0bca2d700f11e1f2fc2c106f7d3264504c__SmartFix,REAL,False,29,1,1,0.6,687.15,687.75
1,rcx_unchecked_low_level_calls__0x4a66ad0bca2d700f11e1f2fc2c106f7d3264504c__TIPS,REAL,False,22,1,1,0.67,487.46,488.13
1,rcx_unchecked_low_level_calls__0x4a66ad0bca2d700f11e1f2fc2c106f7d3264504c__sGuard,REAL,False,17,2,2,0.6,345.42,346.02000000000004
1,rcx_unchecked_low_level_calls__0x5aa88d2901c68fda244f1d0584400368d2c8e739__SmartFix,REAL,False,25,0,0,0.56,535.52,536.0799999999999
1,rcx_unchecked_low_level_calls__0x610495793564aed0f9c7fc48dc4c7c9151d34fd6__SmartFix,REAL,False,11,0,0,0.6,221.84,222.44
1,rcx_unchecked_low_level_calls__0x610495793564aed0f9c7fc48dc4c7c9151d34fd6__TIPS,REAL,False,8,0,0,1.23,163.88,165.10999999999999
1,rcx_unchecked_low_level_calls__0x610495793564aed0f9c7fc48dc4c7c9151d34fd6__sGuard,REAL,False,5,0,0,2.21,126.2,128.41
1,rcx_unchecked_low_level_calls__0x610495793564aed0f9c7fc48dc4c7c9151d34fd6__sGuardPlus,REAL,False,6,2,2,0.53,90.13,90.66
1,rcx_unchecked_low_level_calls__0xa46edd6a9a93feec36576ee5048146870ea2c3ae__TIPS,REAL,False,10,0,0,0.59,202.78,203.37
1,rcx_unchecked_low_level_calls__0xa46edd6a9a93feec36576ee5048146870ea2c3ae__sGuard,REAL,False,7,0,0,1.02,171.72,172.74
1,rcx_unchecked_low_level_calls__0xb37f18af15bafb869a065b61fc83cfc44ed9cc27__SmartFix,REAL,False,11,3,5,0.58,246.85,247.43
1,rcx_unchecked_low_level_calls__0xb37f18af15bafb869a065b61fc83cfc44ed9cc27__TIPS,REAL,False,8,2,2,0.39,131.87,132.26
1,rcx_unchecked_low_level_calls__0xb37f18af15bafb869a065b61fc83cfc44ed9cc27__sGuard,REAL,False,5,4,6,2.08,129.53,131.61
1,rcx_unchecked_low_level_calls__0xb37f18af15bafb869a065b61fc83cfc44ed9cc27__sGuardPlus,REAL,False,6,2,2,1.48,113.79,115.27000000000001
1,rcx_unchecked_low_level_calls__0xd5967fed03e85d1cce44cab284695b41bc675b5c__TIPS,REAL,False,10,0,0,0.61,184.71,185.32000000000002
1,rcx_unchecked_low_level_calls__0xd5967fed03e85d1cce44cab284695b41bc675b5c__sGuard,REAL,False,7,0,0,0.58,141.83,142.41000000000003
1,rcx_unchecked_low_level_calls__0xf29ebe930a539a60279ace72c707cba851a57707__TIPS,REAL,False,7,0,0,0.51,139.33,139.84
1,rcx_unchecked_low_level_calls__0xf29ebe930a539a60279ace72c707cba851a57707__sGuard,REAL,False,4,0,0,1.4,87.19,88.59
1,rcx_unchecked_low_level_calls__0xf29ebe930a539a60279ace72c707cba851a57707__sGuardPlus,REAL,False,5,0,0,1.85,148.14,149.98999999999998
1,reprod_DCFToken,REAL,False,112,0,0,1.51,2761.25,2762.76
2,acfix_002_Templedao,REAL,False,,,,,,
2,acfix_015_CVE_2018_10666,REAL,False,6,1,1,1.52,105.25,106.77
2,acfix_016_CVE_2018_10705,REAL,False,6,0,0,1.28,106.52,107.8
2,acfix_021_CVE_2018_19832,REAL,False,,,,,,
2,acfix_022_CVE_2018_19833,REAL,False,,,,,,
2,acfix_026_CVE_2019_15080,REAL,False,6,0,0,1.36,116.32,117.67999999999999
2,acfix_030_CVE_2021_34272,REAL,False,6,0,0,2.06,149.86,151.92000000000002
2,acfix_031_CVE_2021_34273,REAL,False,6,0,0,1.35,111.84,113.19
2,acfix_032_CVE_2021_39167,REAL,False,,,,,,
2,acfix_033_CVE_2021_39168,REAL,False,,,,,,
2,acfix_077_L1Block,REAL,False,5,0,0,0.77,130.09,130.86
2,acfix_088_EmergencyOracleFactory,REAL,True,4,1,1,1.79,87.68,89.47000000000001
2,acfix_3_5_015_CVE_2018_10666,REAL,False,8,2,2,1.46,135.38,136.84
2,acfix_3_5_016_CVE_2018_10705,REAL,False,8,1,1,2.32,191.42,193.73999999999998
2,acfix_3_5_076_RoundFactory,REAL,False,19,0,0,0.98,380.86,381.84000000000003
2,acfix_3_5_077_L1Block,REAL,False,6,0,0,0.93,137.19,138.12
2,acfix_3_5_088_EmergencyOracleFactory,REAL,False,3,0,0,1.82,58.75,60.57
2,acfix_3_5_101_ANCHToken,REAL,False,,,,,,
2,acfix_fixlink_DepositLog,REAL,False,,,,,,
2,acfix_fixlink_DnGmxBatchingManager,REAL,False,,,,,,
2,acfix_fixlink_MStableYieldSource,REAL,False,20,0,0,0.88,471.39,472.27
2,acfix_fixlink_Product,REAL,False,,,,,,
2,acfix_fixlink_Product2,REAL,False,,,,,,
2,acfix_llama3_002_Templedao,REAL,False,,,,,,
2,acfix_llama3_017_CVE_2018_11329,REAL,True,41,0,1,0.59,855.89,856.48
2,acfix_llama3_022_CVE_2018_19833,REAL,False,33,0,0,0.49,612.04,612.53
2,acfix_llama3_024_CVE_2019_15078,REAL,False,,,,,,
2,acfix_real_BaseEscalationManager,REAL,False,8,0,0,0.48,169.31,169.79
2,acfix_real_FlashGovernanceArbiter,REAL,False,,,,,,
2,ct_20_Pool_sol_Synth_sol_Failing_Max_Value_Al,REAL,False,,,,,,
2,ct_5_Proposals_can_be_cancelled,REAL,False,,,,,,
2,pop_001_Multicall,REAL,False,2,0,0,12.87,58.54,71.41
2,pop_009_PrivatePool,REAL,False,,,,,,
2,pop_018_PrivatePool,REAL,False,,,,,,
2,pop_020_GSPFunding,REAL,False,,,,,,
2,pop_032_PuttyV2,REAL,False,,,,,,
2,pop_033_PrivatePool,REAL,False,,,,,,
2,pop_042_VaultAdapter,REAL,False,,,,,,
2,pop_046_CVXStaker,REAL,False,,,,,,
2,pop_048_PrivatePool,REAL,False,,,,,,
2,pop_049_Cooler,REAL,False,,,,,,
2,pop_051_LiquidityPool,REAL,False,,,,,,
2,pop_058_PuttyV2,REAL,False,,,,,,
2,pop_066_LRTDepositPool,REAL,False,,,,,,
2,pop_070_PhiNFT1155,REAL,False,,,,,,
2,pop_077_GameItems,REAL,False,,,,,,
2,pop_077_MergingPool,REAL,False,,,,,,
2,rc_access_control__mycontract__SolGPT__mycontract_2round,BENCH,False,7,0,0,0.87,135.54,136.41
2,rc_access_control__mycontract__SolGPT__mycontract_3round,BENCH,False,7,0,0,0.87,126.01,126.88000000000001
2,rc_access_control__mycontract__sGuard__mycontract,BENCH,False,2,0,2,0.82,46.3,47.12
2,rc_access_control__phishable__SmartFix__phishable,BENCH,False,4,0,0,0.95,76.28,77.23
2,rc_access_control__phishable__TIPS__phishable,BENCH,False,4,0,0,1.04,77.69,78.73
2,rc_access_control__phishable__sGuardPlus__phishable,BENCH,False,4,2,2,0.92,65.41,66.33
2,rc_access_control__phishable__sGuard__phishable,BENCH,False,4,4,4,1.67,83.86,85.53
2,rc_access_control__proxy__SolGPT__proxy_4round,BENCH,False,1,0,0,0.91,21.16,22.07
2,rc_access_control__simple_suicide__SmartFix__simple_suicide,BENCH,False,2,0,0,0.43,32.33,32.76
2,rc_access_control__simple_suicide__sGuardPlus__simple_suicide,BENCH,True,1,1,1,0.52,12.6,13.12
2,rc_access_control__wallet_02_refund_nosub__SmartFix__wallet_02_refund_nosub,BENCH,False,15,0,0,0.57,297.92,298.49
2,rc_access_control__wallet_02_refund_nosub__SolGPT__wallet_02_refund_nosub_2round,BENCH,False,15,3,3,0.97,340.55,341.52000000000004
2,rc_bad_randomness__old_blockhash__SolGPT__old_blockhash_1round,BENCH,False,,,,,,
2,rc_bad_randomness__old_blockhash__SolGPT__old_blockhash_2round,BENCH,False,,,,,,
2,rc_bad_randomness__old_blockhash__SolGPT__old_blockhash_3round,BENCH,False,33,2,2,0.44,689.2,689.6400000000001
2,rc_reentrancy__modifier_reentrancy__SmartFix__modifier_reentrancy,BENCH,False,16,0,0,0.67,365.17,365.84000000000003
2,rc_reentrancy__reentrancy_bonus__SmartFix__reentrancy_bonus,BENCH,False,3,0,0,1.66,84.71,86.36999999999999
2,rc_reentrancy__reentrancy_dao__SolGPT__reentrancy_dao_1round,BENCH,False,9,0,0,0.43,163.07,163.5
2,rc_reentrancy__reentrancy_dao__SolGPT__reentrancy_dao_4round,BENCH,False,9,0,0,0.9,239.53,240.43
2,rc_reentrancy__reentrancy_dao__sGuardPlus__reentrancy_dao,BENCH,False,10,0,0,0.62,220.18,220.8
2,rc_reentrancy__reentrancy_simple__SmartFix__reentrancy_simple,BENCH,False,14,0,0,0.5,259.63,260.13
2,rc_reentrancy__reentrancy_simple__sGuard__reentrancy_simple,BENCH,False,8,0,0,1.57,222.62,224.19
2,rc_time_manipulation__ether_lotto__SolGPT__ether_lotto_1round,BENCH,False,17,2,2,0.77,427.09,427.85999999999996
2,rc_time_manipulation__ether_lotto__SolGPT__ether_lotto_2round,BENCH,False,,,,,,
2,rc_time_manipulation__ether_lotto__SolGPT__ether_lotto_3round,BENCH,False,17,1,2,0.54,363.47,364.01000000000005
2,rc_time_manipulation__roulette__SolGPT__roulette_1round,BENCH,False,17,0,0,0.47,322.91,323.38000000000005
2,rc_time_manipulation__roulette__SolGPT__roulette_2round,BENCH,False,17,0,0,0.85,411.01,411.86
2,rc_time_manipulation__roulette__SolGPT__roulette_3round,BENCH,False,19,2,2,0.55,379.52,380.07
2,rc_time_manipulation__roulette__SolGPT__roulette_4round,BENCH,False,17,0,0,0.34,325.79,326.13
2,rc_unchecked_low_level_calls__0x07f7ecb66d788ab01dc93b9b71a88401de7d0f2e__SolGPT__0x07f7ecb66d788ab01dc93b9b71a88401de7d0f2e_3round,REAL,False,,,,,,
2,rc_unchecked_low_level_calls__0x2972d548497286d18e92b5fa1f8f9139e5653fd2__SolGPT__0x2972d548497286d18e92b5fa1f8f9139e5653fd2_3round,REAL,False,8,0,0,0.49,152.87,153.36
2,rc_unchecked_low_level_calls__0x4051334adc52057aca763453820cb0e045076ef3__SolGPT__0x4051334adc52057aca763453820cb0e045076ef3_2round,REAL,False,8,0,0,0.55,175.27,175.82000000000002
2,rc_unchecked_low_level_calls__0x4051334adc52057aca763453820cb0e045076ef3__SolGPT__0x4051334adc52057aca763453820cb0e045076ef3_3round,REAL,False,8,2,2,0.48,144.77,145.25
2,rc_unchecked_low_level_calls__0x4b71ad9c1a84b9b643aa54fdd66e2dec96e8b152__SolGPT__0x4b71ad9c1a84b9b643aa54fdd66e2dec96e8b152_1round,REAL,False,8,0,1,1.0,220.96,221.96
2,rc_unchecked_low_level_calls__0x4b71ad9c1a84b9b643aa54fdd66e2dec96e8b152__SolGPT__0x4b71ad9c1a84b9b643aa54fdd66e2dec96e8b152_2round,REAL,False,8,2,2,0.56,155.81,156.37
2,rc_unchecked_low_level_calls__0x4b71ad9c1a84b9b643aa54fdd66e2dec96e8b152__SolGPT__0x4b71ad9c1a84b9b643aa54fdd66e2dec96e8b152_3round,REAL,False,8,1,1,0.49,147.24,147.73000000000002
2,rc_unchecked_low_level_calls__0x7d09edb07d23acb532a82be3da5c17d9d85806b4__TIPS__0x7d09edb07d23acb532a82be3da5c17d9d85806b4U2,REAL,False,,,,,,
2,rc_unchecked_low_level_calls__0xa1fceeff3acc57d257b917e30c4df661401d6431__SolGPT__0xa1fceeff3acc57d257b917e30c4df661401d6431_1round,REAL,True,20,0,1,0.62,410.55,411.17
2,rc_unchecked_low_level_calls__0xb7c5c5aa4d42967efe906e1b66cb8df9cebf04f7__sGuardPlus__0xb7c5c5aa4d42967efe906e1b66cb8df9cebf04f7,REAL,False,4,0,0,0.95,85.51,86.46000000000001
2,rc_unchecked_low_level_calls__0xe894d54dca59cb53fe9cbc5155093605c7068220__TIPS__0xe894d54dca59cb53fe9cbc5155093605c7068220U1,REAL,False,13,0,0,0.59,258.57,259.15999999999997
2,rcx_reentrancy__0x23a91059fdc9579a9fbd0edc5f2ea0bfdb70deb4__SmartFix,REAL,False,,,,,,
2,rcx_reentrancy__0x4320e6f8c05b27ab4707cd1f6d5ce6f3e4b3a5a1__SmartFix,REAL,False,,,,,,
2,rcx_reentrancy__0x4e73b32ed6c35f570686b89848e5f39f20ecc106__SmartFix,REAL,False,,,,,,
2,rcx_reentrancy__0x561eac93c92360949ab1f1403323e6db345cbf31__SmartFix,REAL,False,33,0,0,0.48,645.69,646.1700000000001
2,rcx_reentrancy__0x7b368c4e805c3870b6c49a3f1f49f69af8662cf3__SmartFix,REAL,False,,,,,,
2,rcx_reentrancy__0x7b368c4e805c3870b6c49a3f1f49f69af8662cf3__sGuard,REAL,False,25,0,0,0.6,578.23,578.83
2,rcx_reentrancy__0x93c32845fae42c83a70e5f06214c8433665c2ab5__SmartFix,REAL,False,35,0,0,0.47,772.42,772.89
2,rcx_reentrancy__0x93c32845fae42c83a70e5f06214c8433665c2ab5__sGuard,REAL,False,,,,,,
2,rcx_reentrancy__0x96edbe868531bd23a6c05e9d0c424ea64fb1b78b__SmartFix,REAL,False,,,,,,
2,rcx_reentrancy__0x96edbe868531bd23a6c05e9d0c424ea64fb1b78b__sGuard,REAL,False,,,,,,
2,rcx_reentrancy__0xaae1f51cf3339f18b6d3f3bdc75a5facd744b0b8__SmartFix,REAL,False,,,,,,
2,rcx_reentrancy__0xb5e1b1ee15c6fa0e48fce100125569d430f1bd12__SmartFix,REAL,False,,,,,,
2,rcx_reentrancy__0xbe4041d55db380c5ae9d4a9b9703f1ed4e7e3888__SmartFix,REAL,False,,,,,,
2,rcx_reentrancy__0xbe4041d55db380c5ae9d4a9b9703f1ed4e7e3888__sGuard,REAL,False,36,0,0,0.46,765.84,766.3000000000001
2,rcx_reentrancy__0xf015c35649c82f5467c9c74b7f28ee67665aad68__SmartFix,REAL,False,,,,,,
2,rcx_reentrancy__0xf015c35649c82f5467c9c74b7f28ee67665aad68__sGuard,REAL,False,25,0,0,0.45,540.04,540.49
2,rcx_unchecked_low_level_calls__0x3e013fc32a54c4c5b6991ba539dcd0ec4355c859__SmartFix,REAL,False,25,0,0,0.57,498.09,498.65999999999997
2,rcx_unchecked_low_level_calls__0x4a66ad0bca2d700f11e1f2fc2c106f7d3264504c__SmartFix,REAL,False,29,0,0,0.53,665.03,665.56
2,rcx_unchecked_low_level_calls__0x4a66ad0bca2d700f11e1f2fc2c106f7d3264504c__TIPS,REAL,False,22,0,0,0.62,488.52,489.14
2,rcx_unchecked_low_level_calls__0x4a66ad0bca2d700f11e1f2fc2c106f7d3264504c__sGuard,REAL,False,17,1,1,0.38,336.97,337.35
2,rcx_unchecked_low_level_calls__0x5aa88d2901c68fda244f1d0584400368d2c8e739__SmartFix,REAL,False,25,0,0,0.59,521.66,522.25
2,rcx_unchecked_low_level_calls__0x610495793564aed0f9c7fc48dc4c7c9151d34fd6__SmartFix,REAL,False,11,0,0,0.34,226.3,226.64000000000001
2,rcx_unchecked_low_level_calls__0x610495793564aed0f9c7fc48dc4c7c9151d34fd6__TIPS,REAL,False,8,1,1,0.95,159.11,160.06
2,rcx_unchecked_low_level_calls__0x610495793564aed0f9c7fc48dc4c7c9151d34fd6__sGuard,REAL,False,5,0,0,1.55,118.03,119.58
2,rcx_unchecked_low_level_calls__0x610495793564aed0f9c7fc48dc4c7c9151d34fd6__sGuardPlus,REAL,False,6,2,2,1.0,97.14,98.14
2,rcx_unchecked_low_level_calls__0xa46edd6a9a93feec36576ee5048146870ea2c3ae__TIPS,REAL,False,10,0,0,0.62,201.39,202.01
2,rcx_unchecked_low_level_calls__0xa46edd6a9a93feec36576ee5048146870ea2c3ae__sGuard,REAL,False,7,2,2,0.83,171.3,172.13000000000002
2,rcx_unchecked_low_level_calls__0xb37f18af15bafb869a065b61fc83cfc44ed9cc27__SmartFix,REAL,False,11,3,5,0.55,237.02,237.57000000000002
2,rcx_unchecked_low_level_calls__0xb37f18af15bafb869a065b61fc83cfc44ed9cc27__TIPS,REAL,False,8,1,1,0.47,144.12,144.59
2,rcx_unchecked_low_level_calls__0xb37f18af15bafb869a065b61fc83cfc44ed9cc27__sGuard,REAL,False,5,2,2,1.78,112.36,114.14
2,rcx_unchecked_low_level_calls__0xb37f18af15bafb869a065b61fc83cfc44ed9cc27__sGuardPlus,REAL,False,6,2,2,1.01,104.81,105.82000000000001
2,rcx_unchecked_low_level_calls__0xd5967fed03e85d1cce44cab284695b41bc675b5c__TIPS,REAL,False,10,2,2,0.49,176.66,177.15
2,rcx_unchecked_low_level_calls__0xd5967fed03e85d1cce44cab284695b41bc675b5c__sGuard,REAL,False,7,1,1,0.55,134.83,135.38000000000002
2,rcx_unchecked_low_level_calls__0xf29ebe930a539a60279ace72c707cba851a57707__TIPS,REAL,False,7,1,1,0.87,173.06,173.93
2,rcx_unchecked_low_level_calls__0xf29ebe930a539a60279ace72c707cba851a57707__sGuard,REAL,False,4,0,0,0.87,85.34,86.21000000000001
2,rcx_unchecked_low_level_calls__0xf29ebe930a539a60279ace72c707cba851a57707__sGuardPlus,REAL,False,5,0,0,1.6,147.85,149.45
2,reprod_DCFToken,REAL,False,,,,,,
3,acfix_002_Templedao,REAL,False,,,,,,
3,acfix_015_CVE_2018_10666,REAL,False,6,2,2,1.42,102.12,103.54
3,acfix_016_CVE_2018_10705,REAL,False,6,2,2,1.22,93.92,95.14
3,acfix_021_CVE_2018_19832,REAL,False,,,,,,
3,acfix_022_CVE_2018_19833,REAL,False,,,,,,
3,acfix_026_CVE_2019_15080,REAL,False,6,0,0,1.34,107.74,109.08
3,acfix_030_CVE_2021_34272,REAL,False,6,0,0,2.2,147.46,149.66
3,acfix_031_CVE_2021_34273,REAL,False,6,0,0,1.02,103.21,104.22999999999999
3,acfix_032_CVE_2021_39167,REAL,False,,,,,,
3,acfix_033_CVE_2021_39168,REAL,False,,,,,,
3,acfix_077_L1Block,REAL,False,5,0,2,0.86,107.76,108.62
3,acfix_088_EmergencyOracleFactory,REAL,False,4,0,0,1.58,77.33,78.91
3,acfix_3_5_015_CVE_2018_10666,REAL,False,8,2,2,1.43,136.01,137.44
3,acfix_3_5_016_CVE_2018_10705,REAL,False,8,2,2,2.27,188.51,190.78
3,acfix_3_5_076_RoundFactory,REAL,False,19,0,0,1.14,378.99,380.13
3,acfix_3_5_077_L1Block,REAL,False,6,0,0,0.97,132.08,133.05
3,acfix_3_5_088_EmergencyOracleFactory,REAL,False,3,0,0,1.68,55.97,57.65
3,acfix_3_5_101_ANCHToken,REAL,False,,,,,,
3,acfix_fixlink_DepositLog,REAL,False,,,,,,
3,acfix_fixlink_DnGmxBatchingManager,REAL,False,,,,,,
3,acfix_fixlink_MStableYieldSource,REAL,False,20,0,0,0.9,468.8,469.7
3,acfix_fixlink_Product,REAL,False,,,,,,
3,acfix_fixlink_Product2,REAL,False,,,,,,
3,acfix_llama3_002_Templedao,REAL,False,,,,,,
3,acfix_llama3_017_CVE_2018_11329,REAL,False,,,,,,
3,acfix_llama3_022_CVE_2018_19833,REAL,False,33,1,1,0.38,577.26,577.64
3,acfix_llama3_024_CVE_2019_15078,REAL,False,129,0,0,0.73,298.62,299.35
3,acfix_real_BaseEscalationManager,REAL,False,8,0,0,0.46,166.01,166.47
3,acfix_real_FlashGovernanceArbiter,REAL,False,,,,,,
3,ct_20_Pool_sol_Synth_sol_Failing_Max_Value_Al,REAL,False,,,,,,
3,ct_5_Proposals_can_be_cancelled,REAL,False,,,,,,
3,pop_001_Multicall,REAL,False,2,0,0,12.49,48.55,61.04
3,pop_009_PrivatePool,REAL,False,,,,,,
3,pop_018_PrivatePool,REAL,False,,,,,,
3,pop_020_GSPFunding,REAL,False,,,,,,
3,pop_032_PuttyV2,REAL,False,,,,,,
3,pop_033_PrivatePool,REAL,False,,,,,,
3,pop_042_VaultAdapter,REAL,False,,,,,,
3,pop_046_CVXStaker,REAL,False,,,,,,
3,pop_048_PrivatePool,REAL,False,,,,,,
3,pop_049_Cooler,REAL,False,,,,,,
3,pop_051_LiquidityPool,REAL,False,,,,,,
3,pop_058_PuttyV2,REAL,False,,,,,,
3,pop_066_LRTDepositPool,REAL,False,,,,,,
3,pop_070_PhiNFT1155,REAL,False,,,,,,
3,pop_077_GameItems,REAL,False,,,,,,
3,pop_077_MergingPool,REAL,False,,,,,,
3,rc_access_control__mycontract__SolGPT__mycontract_2round,BENCH,False,7,0,0,0.96,126.33,127.28999999999999
3,rc_access_control__mycontract__SolGPT__mycontract_3round,BENCH,False,7,0,0,1.11,120.24,121.35
3,rc_access_control__mycontract__sGuard__mycontract,BENCH,False,2,0,0,0.78,33.78,34.56
3,rc_access_control__phishable__SmartFix__phishable,BENCH,False,4,1,1,0.84,68.84,69.68
3,rc_access_control__phishable__TIPS__phishable,BENCH,False,4,0,0,0.88,76.19,77.07
3,rc_access_control__phishable__sGuardPlus__phishable,BENCH,False,4,0,0,0.81,75.25,76.06
3,rc_access_control__phishable__sGuard__phishable,BENCH,False,4,0,0,1.59,102.08,103.67
3,rc_access_control__proxy__SolGPT__proxy_4round,BENCH,False,1,0,0,0.74,22.2,22.939999999999998
3,rc_access_control__simple_suicide__SmartFix__simple_suicide,BENCH,False,2,0,0,0.45,35.01,35.46
3,rc_access_control__simple_suicide__sGuardPlus__simple_suicide,BENCH,False,1,0,0,0.54,18.09,18.63
3,rc_access_control__wallet_02_refund_nosub__SmartFix__wallet_02_refund_nosub,BENCH,False,15,0,0,0.58,292.46,293.03999999999996
3,rc_access_control__wallet_02_refund_nosub__SolGPT__wallet_02_refund_nosub_2round,BENCH,False,15,2,2,0.85,355.88,356.73
3,rc_bad_randomness__old_blockhash__SolGPT__old_blockhash_1round,BENCH,False,,,,,,
3,rc_bad_randomness__old_blockhash__SolGPT__old_blockhash_2round,BENCH,False,,,,,,
3,rc_bad_randomness__old_blockhash__SolGPT__old_blockhash_3round,BENCH,False,,,,,,
3,rc_reentrancy__modifier_reentrancy__SmartFix__modifier_reentrancy,BENCH,False,16,0,0,0.66,355.85,356.51000000000005
3,rc_reentrancy__reentrancy_bonus__SmartFix__reentrancy_bonus,BENCH,False,3,0,0,1.83,84.1,85.92999999999999
3,rc_reentrancy__reentrancy_dao__SolGPT__reentrancy_dao_1round,BENCH,False,9,0,0,0.46,181.7,182.16
3,rc_reentrancy__reentrancy_dao__SolGPT__reentrancy_dao_4round,BENCH,False,9,0,0,0.84,218.01,218.85
3,rc_reentrancy__reentrancy_dao__sGuardPlus__reentrancy_dao,BENCH,False,10,0,0,0.64,201.37,202.01
3,rc_reentrancy__reentrancy_simple__SmartFix__reentrancy_simple,BENCH,False,14,1,1,0.59,260.02,260.60999999999996
3,rc_reentrancy__reentrancy_simple__sGuard__reentrancy_simple,BENCH,False,8,1,1,2.0,209.48,211.48
3,rc_time_manipulation__ether_lotto__SolGPT__ether_lotto_1round,BENCH,False,17,2,3,0.79,461.82,462.61
3,rc_time_manipulation__ether_lotto__SolGPT__ether_lotto_2round,BENCH,False,17,2,2,0.58,370.23,370.81
3,rc_time_manipulation__ether_lotto__SolGPT__ether_lotto_3round,BENCH,False,17,2,2,0.42,345.27,345.69
3,rc_time_manipulation__roulette__SolGPT__roulette_1round,BENCH,False,17,2,2,0.48,298.76,299.24
3,rc_time_manipulation__roulette__SolGPT__roulette_2round,BENCH,False,17,2,2,0.83,406.49,407.32
3,rc_time_manipulation__roulette__SolGPT__roulette_3round,BENCH,False,19,3,3,0.54,377.49,378.03000000000003
3,rc_time_manipulation__roulette__SolGPT__roulette_4round,BENCH,False,17,4,4,0.49,306.26,306.75
3,rc_unchecked_low_level_calls__0x07f7ecb66d788ab01dc93b9b71a88401de7d0f2e__SolGPT__0x07f7ecb66d788ab01dc93b9b71a88401de7d0f2e_3round,REAL,False,,,,,,
3,rc_unchecked_low_level_calls__0x2972d548497286d18e92b5fa1f8f9139e5653fd2__SolGPT__0x2972d548497286d18e92b5fa1f8f9139e5653fd2_3round,REAL,False,8,0,0,0.5,145.12,145.62
3,rc_unchecked_low_level_calls__0x4051334adc52057aca763453820cb0e045076ef3__SolGPT__0x4051334adc52057aca763453820cb0e045076ef3_2round,REAL,False,8,0,0,0.56,164.33,164.89000000000001
3,rc_unchecked_low_level_calls__0x4051334adc52057aca763453820cb0e045076ef3__SolGPT__0x4051334adc52057aca763453820cb0e045076ef3_3round,REAL,False,8,0,0,0.44,154.3,154.74
3,rc_unchecked_low_level_calls__0x4b71ad9c1a84b9b643aa54fdd66e2dec96e8b152__SolGPT__0x4b71ad9c1a84b9b643aa54fdd66e2dec96e8b152_1round,REAL,False,8,0,0,0.94,190.28,191.22
3,rc_unchecked_low_level_calls__0x4b71ad9c1a84b9b643aa54fdd66e2dec96e8b152__SolGPT__0x4b71ad9c1a84b9b643aa54fdd66e2dec96e8b152_2round,REAL,False,8,2,2,0.56,150.53,151.09
3,rc_unchecked_low_level_calls__0x4b71ad9c1a84b9b643aa54fdd66e2dec96e8b152__SolGPT__0x4b71ad9c1a84b9b643aa54fdd66e2dec96e8b152_3round,REAL,False,8,0,0,0.5,155.08,155.58
3,rc_unchecked_low_level_calls__0x7d09edb07d23acb532a82be3da5c17d9d85806b4__TIPS__0x7d09edb07d23acb532a82be3da5c17d9d85806b4U2,REAL,False,,,,,,
3,rc_unchecked_low_level_calls__0xa1fceeff3acc57d257b917e30c4df661401d6431__SolGPT__0xa1fceeff3acc57d257b917e30c4df661401d6431_1round,REAL,False,20,2,3,0.62,388.32,388.94
3,rc_unchecked_low_level_calls__0xb7c5c5aa4d42967efe906e1b66cb8df9cebf04f7__sGuardPlus__0xb7c5c5aa4d42967efe906e1b66cb8df9cebf04f7,REAL,False,4,0,0,0.72,83.36,84.08
3,rc_unchecked_low_level_calls__0xe894d54dca59cb53fe9cbc5155093605c7068220__TIPS__0xe894d54dca59cb53fe9cbc5155093605c7068220U1,REAL,False,13,0,0,0.46,255.48,255.94
3,rcx_reentrancy__0x23a91059fdc9579a9fbd0edc5f2ea0bfdb70deb4__SmartFix,REAL,False,,,,,,
3,rcx_reentrancy__0x4320e6f8c05b27ab4707cd1f6d5ce6f3e4b3a5a1__SmartFix,REAL,False,,,,,,
3,rcx_reentrancy__0x4e73b32ed6c35f570686b89848e5f39f20ecc106__SmartFix,REAL,False,,,,,,
3,rcx_reentrancy__0x561eac93c92360949ab1f1403323e6db345cbf31__SmartFix,REAL,False,,,,,,
3,rcx_reentrancy__0x7b368c4e805c3870b6c49a3f1f49f69af8662cf3__SmartFix,REAL,False,,,,,,
3,rcx_reentrancy__0x7b368c4e805c3870b6c49a3f1f49f69af8662cf3__sGuard,REAL,False,25,0,0,0.64,569.72,570.36
3,rcx_reentrancy__0x93c32845fae42c83a70e5f06214c8433665c2ab5__SmartFix,REAL,False,,,,,,
3,rcx_reentrancy__0x93c32845fae42c83a70e5f06214c8433665c2ab5__sGuard,REAL,False,,,,,,
3,rcx_reentrancy__0x96edbe868531bd23a6c05e9d0c424ea64fb1b78b__SmartFix,REAL,False,,,,,,
3,rcx_reentrancy__0x96edbe868531bd23a6c05e9d0c424ea64fb1b78b__sGuard,REAL,False,,,,,,
3,rcx_reentrancy__0xaae1f51cf3339f18b6d3f3bdc75a5facd744b0b8__SmartFix,REAL,False,,,,,,
3,rcx_reentrancy__0xb5e1b1ee15c6fa0e48fce100125569d430f1bd12__SmartFix,REAL,False,,,,,,
3,rcx_reentrancy__0xbe4041d55db380c5ae9d4a9b9703f1ed4e7e3888__SmartFix,REAL,False,,,,,,
3,rcx_reentrancy__0xbe4041d55db380c5ae9d4a9b9703f1ed4e7e3888__sGuard,REAL,False,,,,,,
3,rcx_reentrancy__0xf015c35649c82f5467c9c74b7f28ee67665aad68__SmartFix,REAL,False,,,,,,
3,rcx_reentrancy__0xf015c35649c82f5467c9c74b7f28ee67665aad68__sGuard,REAL,False,25,0,0,0.53,532.12,532.65
3,rcx_unchecked_low_level_calls__0x3e013fc32a54c4c5b6991ba539dcd0ec4355c859__SmartFix,REAL,False,25,2,2,0.37,491.12,491.49
3,rcx_unchecked_low_level_calls__0x4a66ad0bca2d700f11e1f2fc2c106f7d3264504c__SmartFix,REAL,False,,,,,,
3,rcx_unchecked_low_level_calls__0x4a66ad0bca2d700f11e1f2fc2c106f7d3264504c__TIPS,REAL,False,22,0,1,0.57,502.81,503.38
3,rcx_unchecked_low_level_calls__0x4a66ad0bca2d700f11e1f2fc2c106f7d3264504c__sGuard,REAL,False,17,0,0,0.37,345.24,345.61
3,rcx_unchecked_low_level_calls__0x5aa88d2901c68fda244f1d0584400368d2c8e739__SmartFix,REAL,False,25,2,2,0.59,515.11,515.7
3,rcx_unchecked_low_level_calls__0x610495793564aed0f9c7fc48dc4c7c9151d34fd6__SmartFix,REAL,False,11,0,0,0.82,251.17,251.98999999999998
3,rcx_unchecked_low_level_calls__0x610495793564aed0f9c7fc48dc4c7c9151d34fd6__TIPS,REAL,False,8,2,2,0.91,140.82,141.73
3,rcx_unchecked_low_level_calls__0x610495793564aed0f9c7fc48dc4c7c9151d34fd6__sGuard,REAL,False,5,2,2,1.66,116.14,117.8
3,rcx_unchecked_low_level_calls__0x610495793564aed0f9c7fc48dc4c7c9151d34fd6__sGuardPlus,REAL,False,6,0,0,0.84,108.08,108.92
3,rcx_unchecked_low_level_calls__0xa46edd6a9a93feec36576ee5048146870ea2c3ae__TIPS,REAL,False,10,1,1,0.68,199.52,200.20000000000002
3,rcx_unchecked_low_level_calls__0xa46edd6a9a93feec36576ee5048146870ea2c3ae__sGuard,REAL,False,7,0,0,0.8,174.11,174.91000000000003
3,rcx_unchecked_low_level_calls__0xb37f18af15bafb869a065b61fc83cfc44ed9cc27__SmartFix,REAL,False,11,2,4,0.54,252.04,252.57999999999998
3,rcx_unchecked_low_level_calls__0xb37f18af15bafb869a065b61fc83cfc44ed9cc27__TIPS,REAL,False,8,0,0,0.55,142.48,143.03
3,rcx_unchecked_low_level_calls__0xb37f18af15bafb869a065b61fc83cfc44ed9cc27__sGuard,REAL,False,5,2,2,1.71,110.24,111.94999999999999
3,rcx_unchecked_low_level_calls__0xb37f18af15bafb869a065b61fc83cfc44ed9cc27__sGuardPlus,REAL,False,6,0,0,1.05,130.14,131.19
3,rcx_unchecked_low_level_calls__0xd5967fed03e85d1cce44cab284695b41bc675b5c__TIPS,REAL,False,10,0,0,0.52,196.86,197.38000000000002
3,rcx_unchecked_low_level_calls__0xd5967fed03e85d1cce44cab284695b41bc675b5c__sGuard,REAL,False,7,2,2,0.55,126.13,126.67999999999999
3,rcx_unchecked_low_level_calls__0xf29ebe930a539a60279ace72c707cba851a57707__TIPS,REAL,False,7,1,2,0.76,154.09,154.85
3,rcx_unchecked_low_level_calls__0xf29ebe930a539a60279ace72c707cba851a57707__sGuard,REAL,False,4,0,0,0.87,82.87,83.74000000000001
3,rcx_unchecked_low_level_calls__0xf29ebe930a539a60279ace72c707cba851a57707__sGuardPlus,REAL,False,5,0,0,1.54,151.74,153.28
3,reprod_DCFToken,REAL,False,,,,,,
4,acfix_002_Templedao,REAL,False,,,,,,
4,acfix_015_CVE_2018_10666,REAL,False,6,2,2,1.49,106.91,108.39999999999999
4,acfix_016_CVE_2018_10705,REAL,False,6,2,2,1.52,98.65,100.17
4,acfix_021_CVE_2018_19832,REAL,False,,,,,,
4,acfix_022_CVE_2018_19833,REAL,False,,,,,,
4,acfix_026_CVE_2019_15080,REAL,False,6,0,0,1.32,115.39,116.71
4,acfix_030_CVE_2021_34272,REAL,False,6,0,0,2.15,152.29,154.44
4,acfix_031_CVE_2021_34273,REAL,False,6,0,0,1.39,109.86,111.25
4,acfix_032_CVE_2021_39167,REAL,False,,,,,,
4,acfix_033_CVE_2021_39168,REAL,False,,,,,,
4,acfix_077_L1Block,REAL,False,5,0,2,0.88,120.91,121.78999999999999
4,acfix_088_EmergencyOracleFactory,REAL,False,4,0,0,1.92,84.91,86.83
4,acfix_3_5_015_CVE_2018_10666,REAL,False,8,2,2,1.64,139.3,140.94
4,acfix_3_5_016_CVE_2018_10705,REAL,False,8,0,0,2.38,196.3,198.68
4,acfix_3_5_076_RoundFactory,REAL,False,19,0,0,0.87,394.68,395.55
4,acfix_3_5_077_L1Block,REAL,False,6,0,0,0.91,133.66,134.57
4,acfix_3_5_088_EmergencyOracleFactory,REAL,False,3,0,0,1.7,62.46,64.16
4,acfix_3_5_101_ANCHToken,REAL,False,,,,,,
4,acfix_fixlink_DepositLog,REAL,False,,,,,,
4,acfix_fixlink_DnGmxBatchingManager,REAL,False,,,,,,
4,acfix_fixlink_MStableYieldSource,REAL,False,20,0,0,1.17,501.89,503.06
4,acfix_fixlink_Product,REAL,False,,,,,,
4,acfix_fixlink_Product2,REAL,False,,,,,,
4,acfix_llama3_002_Templedao,REAL,False,,,,,,
4,acfix_llama3_017_CVE_2018_11329,REAL,False,,,,,,
4,acfix_llama3_022_CVE_2018_19833,REAL,False,,,,,,
4,acfix_llama3_024_CVE_2019_15078,REAL,False,,,,,,
4,acfix_real_BaseEscalationManager,REAL,False,8,0,0,0.48,158.58,159.06
4,acfix_real_FlashGovernanceArbiter,REAL,False,,,,,,
4,ct_20_Pool_sol_Synth_sol_Failing_Max_Value_Al,REAL,False,,,,,,
4,ct_5_Proposals_can_be_cancelled,REAL,False,,,,,,
4,pop_001_Multicall,REAL,False,2,0,0,12.99,48.93,61.92
4,pop_009_PrivatePool,REAL,False,,,,,,
4,pop_018_PrivatePool,REAL,False,,,,,,
4,pop_020_GSPFunding,REAL,False,,,,,,
4,pop_032_PuttyV2,REAL,False,,,,,,
4,pop_033_PrivatePool,REAL,False,,,,,,
4,pop_042_VaultAdapter,REAL,False,,,,,,
4,pop_046_CVXStaker,REAL,False,,,,,,
4,pop_048_PrivatePool,REAL,False,,,,,,
4,pop_049_Cooler,REAL,False,,,,,,
4,pop_051_LiquidityPool,REAL,False,,,,,,
4,pop_058_PuttyV2,REAL,False,,,,,,
4,pop_066_LRTDepositPool,REAL,False,,,,,,
4,pop_070_PhiNFT1155,REAL,False,,,,,,
4,pop_077_GameItems,REAL,False,,,,,,
4,pop_077_MergingPool,REAL,False,,,,,,
4,rc_access_control__mycontract__SolGPT__mycontract_2round,BENCH,False,7,0,0,0.84,134.97,135.81
4,rc_access_control__mycontract__SolGPT__mycontract_3round,BENCH,False,7,0,0,1.0,123.33,124.33
4,rc_access_control__mycontract__sGuard__mycontract,BENCH,False,2,0,1,0.84,53.57,54.410000000000004
4,rc_access_control__phishable__SmartFix__phishable,BENCH,False,4,0,0,1.05,74.87,75.92
4,rc_access_control__phishable__TIPS__phishable,BENCH,False,4,2,2,0.94,66.38,67.32
4,rc_access_control__phishable__sGuardPlus__phishable,BENCH,False,4,0,0,1.01,76.57,77.58
4,rc_access_control__phishable__sGuard__phishable,BENCH,False,4,0,0,1.64,99.52,101.16
4,rc_access_control__proxy__SolGPT__proxy_4round,BENCH,False,1,0,0,0.97,21.51,22.48
4,rc_access_control__simple_suicide__SmartFix__simple_suicide,BENCH,True,2,2,2,0.35,21.78,22.130000000000003
4,rc_access_control__simple_suicide__sGuardPlus__simple_suicide,BENCH,True,1,1,1,0.64,12.97,13.610000000000001
4,rc_access_control__wallet_02_refund_nosub__SmartFix__wallet_02_refund_nosub,BENCH,False,,,,,,
4,rc_access_control__wallet_02_refund_nosub__SolGPT__wallet_02_refund_nosub_2round,BENCH,False,15,0,0,1.1,341.48,342.58000000000004
4,rc_bad_randomness__old_blockhash__SolGPT__old_blockhash_1round,BENCH,False,,,,,,
4,rc_bad_randomness__old_blockhash__SolGPT__old_blockhash_2round,BENCH,False,,,,,,
4,rc_bad_randomness__old_blockhash__SolGPT__old_blockhash_3round,BENCH,False,,,,,,
4,rc_reentrancy__modifier_reentrancy__SmartFix__modifier_reentrancy,BENCH,False,16,0,0,0.62,372.5,373.12
4,rc_reentrancy__reentrancy_bonus__SmartFix__reentrancy_bonus,BENCH,False,3,0,0,1.89,79.05,80.94
4,rc_reentrancy__reentrancy_dao__SolGPT__reentrancy_dao_1round,BENCH,False,9,0,0,0.39,171.6,171.98999999999998
4,rc_reentrancy__reentrancy_dao__SolGPT__reentrancy_dao_4round,BENCH,False,9,0,0,0.72,219.64,220.35999999999999
4,rc_reentrancy__reentrancy_dao__sGuardPlus__reentrancy_dao,BENCH,False,10,1,1,0.55,215.84,216.39000000000001
4,rc_reentrancy__reentrancy_simple__SmartFix__reentrancy_simple,BENCH,False,14,1,1,0.61,272.98,273.59000000000003
4,rc_reentrancy__reentrancy_simple__sGuard__reentrancy_simple,BENCH,False,8,1,1,1.96,212.26,214.22
4,rc_time_manipulation__ether_lotto__SolGPT__ether_lotto_1round,BENCH,False,17,2,2,1.09,458.01,459.09999999999997
4,rc_time_manipulation__ether_lotto__SolGPT__ether_lotto_2round,BENCH,False,17,1,2,0.66,413.03,413.69
4,rc_time_manipulation__ether_lotto__SolGPT__ether_lotto_3round,BENCH,False,,,,,,
4,rc_time_manipulation__roulette__SolGPT__roulette_1round,BENCH,False,17,1,1,0.33,327.37,327.7
4,rc_time_manipulation__roulette__SolGPT__roulette_2round,BENCH,False,17,0,0,0.83,428.73,429.56
4,rc_time_manipulation__roulette__SolGPT__roulette_3round,BENCH,False,19,0,0,0.56,429.71,430.27
4,rc_time_manipulation__roulette__SolGPT__roulette_4round,BENCH,False,17,3,3,0.34,308.99,309.33
4,rc_unchecked_low_level_calls__0x07f7ecb66d788ab01dc93b9b71a88401de7d0f2e__SolGPT__0x07f7ecb66d788ab01dc93b9b71a88401de7d0f2e_3round,REAL,False,,,,,,
4,rc_unchecked_low_level_calls__0x2972d548497286d18e92b5fa1f8f9139e5653fd2__SolGPT__0x2972d548497286d18e92b5fa1f8f9139e5653fd2_3round,REAL,False,8,1,1,0.52,150.15,150.67000000000002
4,rc_unchecked_low_level_calls__0x4051334adc52057aca763453820cb0e045076ef3__SolGPT__0x4051334adc52057aca763453820cb0e045076ef3_2round,REAL,False,8,0,0,0.58,165.77,166.35000000000002
4,rc_unchecked_low_level_calls__0x4051334adc52057aca763453820cb0e045076ef3__SolGPT__0x4051334adc52057aca763453820cb0e045076ef3_3round,REAL,False,8,0,0,0.41,161.68,162.09
4,rc_unchecked_low_level_calls__0x4b71ad9c1a84b9b643aa54fdd66e2dec96e8b152__SolGPT__0x4b71ad9c1a84b9b643aa54fdd66e2dec96e8b152_1round,REAL,False,8,0,0,0.96,191.91,192.87
4,rc_unchecked_low_level_calls__0x4b71ad9c1a84b9b643aa54fdd66e2dec96e8b152__SolGPT__0x4b71ad9c1a84b9b643aa54fdd66e2dec96e8b152_2round,REAL,False,8,0,0,0.59,169.74,170.33
4,rc_unchecked_low_level_calls__0x4b71ad9c1a84b9b643aa54fdd66e2dec96e8b152__SolGPT__0x4b71ad9c1a84b9b643aa54fdd66e2dec96e8b152_3round,REAL,False,8,0,0,0.44,156.48,156.92
4,rc_unchecked_low_level_calls__0x7d09edb07d23acb532a82be3da5c17d9d85806b4__TIPS__0x7d09edb07d23acb532a82be3da5c17d9d85806b4U2,REAL,False,,,,,,
4,rc_unchecked_low_level_calls__0xa1fceeff3acc57d257b917e30c4df661401d6431__SolGPT__0xa1fceeff3acc57d257b917e30c4df661401d6431_1round,REAL,False,20,0,0,0.67,415.06,415.73
4,rc_unchecked_low_level_calls__0xb7c5c5aa4d42967efe906e1b66cb8df9cebf04f7__sGuardPlus__0xb7c5c5aa4d42967efe906e1b66cb8df9cebf04f7,REAL,False,4,0,0,1.08,82.59,83.67
4,rc_unchecked_low_level_calls__0xe894d54dca59cb53fe9cbc5155093605c7068220__TIPS__0xe894d54dca59cb53fe9cbc5155093605c7068220U1,REAL,False,13,0,0,0.41,282.47,282.88000000000005
4,rcx_reentrancy__0x23a91059fdc9579a9fbd0edc5f2ea0bfdb70deb4__SmartFix,REAL,False,,,,,,
4,rcx_reentrancy__0x4320e6f8c05b27ab4707cd1f6d5ce6f3e4b3a5a1__SmartFix,REAL,False,,,,,,
4,rcx_reentrancy__0x4e73b32ed6c35f570686b89848e5f39f20ecc106__SmartFix,REAL,False,,,,,,
4,rcx_reentrancy__0x561eac93c92360949ab1f1403323e6db345cbf31__SmartFix,REAL,False,,,,,,
4,rcx_reentrancy__0x7b368c4e805c3870b6c49a3f1f49f69af8662cf3__SmartFix,REAL,False,,,,,,
4,rcx_reentrancy__0x7b368c4e805c3870b6c49a3f1f49f69af8662cf3__sGuard,REAL,False,25,0,0,0.66,577.12,577.78
4,rcx_reentrancy__0x93c32845fae42c83a70e5f06214c8433665c2ab5__SmartFix,REAL,False,,,,,,
4,rcx_reentrancy__0x93c32845fae42c83a70e5f06214c8433665c2ab5__sGuard,REAL,False,,,,,,
4,rcx_reentrancy__0x96edbe868531bd23a6c05e9d0c424ea64fb1b78b__SmartFix,REAL,False,,,,,,
4,rcx_reentrancy__0x96edbe868531bd23a6c05e9d0c424ea64fb1b78b__sGuard,REAL,False,,,,,,
4,rcx_reentrancy__0xaae1f51cf3339f18b6d3f3bdc75a5facd744b0b8__SmartFix,REAL,False,,,,,,
4,rcx_reentrancy__0xb5e1b1ee15c6fa0e48fce100125569d430f1bd12__SmartFix,REAL,False,,,,,,
4,rcx_reentrancy__0xbe4041d55db380c5ae9d4a9b9703f1ed4e7e3888__SmartFix,REAL,False,,,,,,
4,rcx_reentrancy__0xbe4041d55db380c5ae9d4a9b9703f1ed4e7e3888__sGuard,REAL,False,,,,,,
4,rcx_reentrancy__0xf015c35649c82f5467c9c74b7f28ee67665aad68__SmartFix,REAL,False,,,,,,
4,rcx_reentrancy__0xf015c35649c82f5467c9c74b7f28ee67665aad68__sGuard,REAL,False,25,0,0,0.47,544.61,545.08
4,rcx_unchecked_low_level_calls__0x3e013fc32a54c4c5b6991ba539dcd0ec4355c859__SmartFix,REAL,False,25,1,1,0.44,492.45,492.89
4,rcx_unchecked_low_level_calls__0x4a66ad0bca2d700f11e1f2fc2c106f7d3264504c__SmartFix,REAL,False,,,,,,
4,rcx_unchecked_low_level_calls__0x4a66ad0bca2d700f11e1f2fc2c106f7d3264504c__TIPS,REAL,False,22,2,2,0.67,523.36,524.03
4,rcx_unchecked_low_level_calls__0x4a66ad0bca2d700f11e1f2fc2c106f7d3264504c__sGuard,REAL,False,17,0,0,0.36,351.7,352.06
4,rcx_unchecked_low_level_calls__0x5aa88d2901c68fda244f1d0584400368d2c8e739__SmartFix,REAL,False,25,2,2,0.71,529.11,529.82
4,rcx_unchecked_low_level_calls__0x610495793564aed0f9c7fc48dc4c7c9151d34fd6__SmartFix,REAL,False,11,1,1,1.07,216.19,217.26
4,rcx_unchecked_low_level_calls__0x610495793564aed0f9c7fc48dc4c7c9151d34fd6__TIPS,REAL,False,8,0,0,0.96,152.78,153.74
4,rcx_unchecked_low_level_calls__0x610495793564aed0f9c7fc48dc4c7c9151d34fd6__sGuard,REAL,False,5,2,3,2.03,142.0,144.03
4,rcx_unchecked_low_level_calls__0x610495793564aed0f9c7fc48dc4c7c9151d34fd6__sGuardPlus,REAL,False,6,0,0,1.02,113.06,114.08
4,rcx_unchecked_low_level_calls__0xa46edd6a9a93feec36576ee5048146870ea2c3ae__TIPS,REAL,False,10,0,0,0.6,212.23,212.82999999999998
4,rcx_unchecked_low_level_calls__0xa46edd6a9a93feec36576ee5048146870ea2c3ae__sGuard,REAL,False,7,0,0,0.89,172.54,173.42999999999998
4,rcx_unchecked_low_level_calls__0xb37f18af15bafb869a065b61fc83cfc44ed9cc27__SmartFix,REAL,False,11,1,1,0.56,230.06,230.62
4,rcx_unchecked_low_level_calls__0xb37f18af15bafb869a065b61fc83cfc44ed9cc27__TIPS,REAL,False,8,0,0,0.5,150.95,151.45
4,rcx_unchecked_low_level_calls__0xb37f18af15bafb869a065b61fc83cfc44ed9cc27__sGuard,REAL,False,5,1,1,1.71,124.34,126.05
4,rcx_unchecked_low_level_calls__0xb37f18af15bafb869a065b61fc83cfc44ed9cc27__sGuardPlus,REAL,False,6,2,2,0.85,105.05,105.89999999999999
4,rcx_unchecked_low_level_calls__0xd5967fed03e85d1cce44cab284695b41bc675b5c__TIPS,REAL,False,10,0,0,0.43,195.52,195.95000000000002
4,rcx_unchecked_low_level_calls__0xd5967fed03e85d1cce44cab284695b41bc675b5c__sGuard,REAL,False,7,0,0,0.56,144.12,144.68
4,rcx_unchecked_low_level_calls__0xf29ebe930a539a60279ace72c707cba851a57707__TIPS,REAL,False,7,0,0,1.04,154.82,155.85999999999999
4,rcx_unchecked_low_level_calls__0xf29ebe930a539a60279ace72c707cba851a57707__sGuard,REAL,False,4,0,0,0.9,88.66,89.56
4,rcx_unchecked_low_level_calls__0xf29ebe930a539a60279ace72c707cba851a57707__sGuardPlus,REAL,False,5,1,2,1.71,150.08,151.79000000000002
4,reprod_DCFToken,REAL,False,,,,,,
5,acfix_002_Templedao,REAL,False,,,,,,
5,acfix_015_CVE_2018_10666,REAL,False,6,2,2,1.6,109.08,110.67999999999999
5,acfix_016_CVE_2018_10705,REAL,True,6,4,4,1.15,79.01,80.16000000000001
5,acfix_021_CVE_2018_19832,REAL,False,,,,,,
5,acfix_022_CVE_2018_19833,REAL,False,,,,,,
5,acfix_026_CVE_2019_15080,REAL,False,6,0,0,1.43,107.77,109.2
5,acfix_030_CVE_2021_34272,REAL,False,6,0,0,2.16,142.48,144.64
5,acfix_031_CVE_2021_34273,REAL,False,6,0,0,0.96,100.78,101.74
5,acfix_032_CVE_2021_39167,REAL,False,,,,,,
5,acfix_033_CVE_2021_39168,REAL,False,,,,,,
5,acfix_077_L1Block,REAL,False,5,1,3,1.1,113.0,114.1
5,acfix_088_EmergencyOracleFactory,REAL,False,4,0,0,1.59,72.92,74.51
5,acfix_3_5_015_CVE_2018_10666,REAL,False,8,0,0,1.23,137.4,138.63
5,acfix_3_5_016_CVE_2018_10705,REAL,False,8,2,2,2.3,195.31,197.61
5,acfix_3_5_076_RoundFactory,REAL,False,19,1,1,0.74,367.24,367.98
5,acfix_3_5_077_L1Block,REAL,False,6,0,0,1.09,128.11,129.20000000000002
5,acfix_3_5_088_EmergencyOracleFactory,REAL,False,3,0,0,1.82,60.61,62.43
5,acfix_3_5_101_ANCHToken,REAL,False,,,,,,
5,acfix_fixlink_DepositLog,REAL,False,,,,,,
5,acfix_fixlink_DnGmxBatchingManager,REAL,False,,,,,,
5,acfix_fixlink_MStableYieldSource,REAL,False,20,0,0,1.04,469.89,470.93
5,acfix_fixlink_Product,REAL,False,,,,,,
5,acfix_fixlink_Product2,REAL,False,,,,,,
5,acfix_llama3_002_Templedao,REAL,False,,,,,,
5,acfix_llama3_017_CVE_2018_11329,REAL,False,,,,,,
5,acfix_llama3_022_CVE_2018_19833,REAL,False,33,0,0,0.46,572.18,572.64
5,acfix_llama3_024_CVE_2019_15078,REAL,False,,,,,,
5,acfix_real_BaseEscalationManager,REAL,False,8,0,0,0.4,159.74,160.14000000000001
5,acfix_real_FlashGovernanceArbiter,REAL,False,,,,,,
5,ct_20_Pool_sol_Synth_sol_Failing_Max_Value_Al,REAL,False,,,,,,
5,ct_5_Proposals_can_be_cancelled,REAL,False,,,,,,
5,pop_001_Multicall,REAL,False,2,0,0,15.26,49.01,64.27
5,pop_009_PrivatePool,REAL,False,,,,,,
5,pop_018_PrivatePool,REAL,False,,,,,,
5,pop_020_GSPFunding,REAL,False,,,,,,
5,pop_032_PuttyV2,REAL,False,,,,,,
5,pop_033_PrivatePool,REAL,False,,,,,,
5,pop_042_VaultAdapter,REAL,False,,,,,,
5,pop_046_CVXStaker,REAL,False,53,0,0,1.85,296.9,298.75
5,pop_048_PrivatePool,REAL,False,,,,,,
5,pop_049_Cooler,REAL,False,,,,,,
5,pop_051_LiquidityPool,REAL,False,,,,,,
5,pop_058_PuttyV2,REAL,False,,,,,,
5,pop_066_LRTDepositPool,REAL,False,,,,,,
5,pop_070_PhiNFT1155,REAL,False,,,,,,
5,pop_077_GameItems,REAL,False,,,,,,
5,pop_077_MergingPool,REAL,False,,,,,,
5,rc_access_control__mycontract__SolGPT__mycontract_2round,BENCH,False,7,0,2,0.97,144.92,145.89
5,rc_access_control__mycontract__SolGPT__mycontract_3round,BENCH,False,7,0,1,0.73,127.89,128.62
5,rc_access_control__mycontract__sGuard__mycontract,BENCH,False,2,0,3,0.92,62.3,63.22
5,rc_access_control__phishable__SmartFix__phishable,BENCH,False,4,0,0,0.76,70.24,71.0
5,rc_access_control__phishable__TIPS__phishable,BENCH,False,4,0,0,1.0,74.7,75.7
5,rc_access_control__phishable__sGuardPlus__phishable,BENCH,False,4,0,0,0.81,69.05,69.86
5,rc_access_control__phishable__sGuard__phishable,BENCH,False,4,0,0,1.57,98.01,99.58
5,rc_access_control__proxy__SolGPT__proxy_4round,BENCH,False,1,0,0,0.9,22.25,23.15
5,rc_access_control__simple_suicide__SmartFix__simple_suicide,BENCH,False,2,0,0,0.32,32.94,33.26
5,rc_access_control__simple_suicide__sGuardPlus__simple_suicide,BENCH,False,1,0,0,0.63,18.58,19.209999999999997
5,rc_access_control__wallet_02_refund_nosub__SmartFix__wallet_02_refund_nosub,BENCH,False,15,1,1,0.66,282.43,283.09000000000003
5,rc_access_control__wallet_02_refund_nosub__SolGPT__wallet_02_refund_nosub_2round,BENCH,False,15,2,2,0.92,353.17,354.09000000000003
5,rc_bad_randomness__old_blockhash__SolGPT__old_blockhash_1round,BENCH,False,,,,,,
5,rc_bad_randomness__old_blockhash__SolGPT__old_blockhash_2round,BENCH,False,,,,,,
5,rc_bad_randomness__old_blockhash__SolGPT__old_blockhash_3round,BENCH,False,,,,,,
5,rc_reentrancy__modifier_reentrancy__SmartFix__modifier_reentrancy,BENCH,False,16,0,1,0.66,379.33,379.99
5,rc_reentrancy__reentrancy_bonus__SmartFix__reentrancy_bonus,BENCH,False,3,0,0,1.77,86.17,87.94
5,rc_reentrancy__reentrancy_dao__SolGPT__reentrancy_dao_1round,BENCH,False,9,0,0,0.38,172.48,172.85999999999999
5,rc_reentrancy__reentrancy_dao__SolGPT__reentrancy_dao_4round,BENCH,False,9,0,0,0.8,212.82,213.62
5,rc_reentrancy__reentrancy_dao__sGuardPlus__reentrancy_dao,BENCH,False,10,1,3,0.8,239.03,239.83
5,rc_reentrancy__reentrancy_simple__SmartFix__reentrancy_simple,BENCH,False,14,2,2,0.43,260.76,261.19
5,rc_reentrancy__reentrancy_simple__sGuard__reentrancy_simple,BENCH,False,8,0,0,1.75,208.99,210.74
5,rc_time_manipulation__ether_lotto__SolGPT__ether_lotto_1round,BENCH,False,17,3,3,0.92,439.5,440.42
5,rc_time_manipulation__ether_lotto__SolGPT__ether_lotto_2round,BENCH,False,17,2,2,0.6,367.32,367.92
5,rc_time_manipulation__ether_lotto__SolGPT__ether_lotto_3round,BENCH,False,17,3,3,0.44,320.25,320.69
5,rc_time_manipulation__roulette__SolGPT__roulette_1round,BENCH,False,17,2,2,0.36,316.63,316.99
5,rc_time_manipulation__roulette__SolGPT__roulette_2round,BENCH,False,17,2,2,0.96,414.38,415.34
5,rc_time_manipulation__roulette__SolGPT__roulette_3round,BENCH,False,19,2,2,0.67,366.43,367.1
5,rc_time_manipulation__roulette__SolGPT__roulette_4round,BENCH,False,17,2,2,0.36,306.48,306.84000000000003
5,rc_unchecked_low_level_calls__0x07f7ecb66d788ab01dc93b9b71a88401de7d0f2e__SolGPT__0x07f7ecb66d788ab01dc93b9b71a88401de7d0f2e_3round,REAL,False,,,,,,
5,rc_unchecked_low_level_calls__0x2972d548497286d18e92b5fa1f8f9139e5653fd2__SolGPT__0x2972d548497286d18e92b5fa1f8f9139e5653fd2_3round,REAL,False,8,0,0,0.59,145.99,146.58
5,rc_unchecked_low_level_calls__0x4051334adc52057aca763453820cb0e045076ef3__SolGPT__0x4051334adc52057aca763453820cb0e045076ef3_2round,REAL,False,8,0,0,0.57,169.29,169.85999999999999
5,rc_unchecked_low_level_calls__0x4051334adc52057aca763453820cb0e045076ef3__SolGPT__0x4051334adc52057aca763453820cb0e045076ef3_3round,REAL,False,8,0,0,0.39,146.97,147.35999999999999
5,rc_unchecked_low_level_calls__0x4b71ad9c1a84b9b643aa54fdd66e2dec96e8b152__SolGPT__0x4b71ad9c1a84b9b643aa54fdd66e2dec96e8b152_1round,REAL,False,8,1,1,0.92,197.16,198.07999999999998
5,rc_unchecked_low_level_calls__0x4b71ad9c1a84b9b643aa54fdd66e2dec96e8b152__SolGPT__0x4b71ad9c1a84b9b643aa54fdd66e2dec96e8b152_2round,REAL,False,8,0,0,0.64,164.23,164.86999999999998
5,rc_unchecked_low_level_calls__0x4b71ad9c1a84b9b643aa54fdd66e2dec96e8b152__SolGPT__0x4b71ad9c1a84b9b643aa54fdd66e2dec96e8b152_3round,REAL,False,8,0,0,0.6,153.9,154.5
5,rc_unchecked_low_level_calls__0x7d09edb07d23acb532a82be3da5c17d9d85806b4__TIPS__0x7d09edb07d23acb532a82be3da5c17d9d85806b4U2,REAL,False,,,,,,
5,rc_unchecked_low_level_calls__0xa1fceeff3acc57d257b917e30c4df661401d6431__SolGPT__0xa1fceeff3acc57d257b917e30c4df661401d6431_1round,REAL,False,20,0,0,0.79,394.79,395.58000000000004
5,rc_unchecked_low_level_calls__0xb7c5c5aa4d42967efe906e1b66cb8df9cebf04f7__sGuardPlus__0xb7c5c5aa4d42967efe906e1b66cb8df9cebf04f7,REAL,False,4,0,0,0.65,78.68,79.33000000000001
5,rc_unchecked_low_level_calls__0xe894d54dca59cb53fe9cbc5155093605c7068220__TIPS__0xe894d54dca59cb53fe9cbc5155093605c7068220U1,REAL,False,13,0,0,0.44,254.27,254.71
5,rcx_reentrancy__0x23a91059fdc9579a9fbd0edc5f2ea0bfdb70deb4__SmartFix,REAL,False,,,,,,
5,rcx_reentrancy__0x4320e6f8c05b27ab4707cd1f6d5ce6f3e4b3a5a1__SmartFix,REAL,False,,,,,,
5,rcx_reentrancy__0x4e73b32ed6c35f570686b89848e5f39f20ecc106__SmartFix,REAL,False,,,,,,
5,rcx_reentrancy__0x561eac93c92360949ab1f1403323e6db345cbf31__SmartFix,REAL,False,,,,,,
5,rcx_reentrancy__0x7b368c4e805c3870b6c49a3f1f49f69af8662cf3__SmartFix,REAL,False,,,,,,
5,rcx_reentrancy__0x7b368c4e805c3870b6c49a3f1f49f69af8662cf3__sGuard,REAL,False,25,0,0,0.74,578.17,578.91
5,rcx_reentrancy__0x93c32845fae42c83a70e5f06214c8433665c2ab5__SmartFix,REAL,False,,,,,,
5,rcx_reentrancy__0x93c32845fae42c83a70e5f06214c8433665c2ab5__sGuard,REAL,False,,,,,,
5,rcx_reentrancy__0x96edbe868531bd23a6c05e9d0c424ea64fb1b78b__SmartFix,REAL,False,,,,,,
5,rcx_reentrancy__0x96edbe868531bd23a6c05e9d0c424ea64fb1b78b__sGuard,REAL,False,,,,,,
5,rcx_reentrancy__0xaae1f51cf3339f18b6d3f3bdc75a5facd744b0b8__SmartFix,REAL,False,,,,,,
5,rcx_reentrancy__0xb5e1b1ee15c6fa0e48fce100125569d430f1bd12__SmartFix,REAL,False,,,,,,
5,rcx_reentrancy__0xbe4041d55db380c5ae9d4a9b9703f1ed4e7e3888__SmartFix,REAL,False,,,,,,
5,rcx_reentrancy__0xbe4041d55db380c5ae9d4a9b9703f1ed4e7e3888__sGuard,REAL,False,,,,,,
5,rcx_reentrancy__0xf015c35649c82f5467c9c74b7f28ee67665aad68__SmartFix,REAL,False,,,,,,
5,rcx_reentrancy__0xf015c35649c82f5467c9c74b7f28ee67665aad68__sGuard,REAL,False,25,0,0,0.55,530.17,530.7199999999999
5,rcx_unchecked_low_level_calls__0x3e013fc32a54c4c5b6991ba539dcd0ec4355c859__SmartFix,REAL,False,25,0,0,0.46,477.53,477.98999999999995
5,rcx_unchecked_low_level_calls__0x4a66ad0bca2d700f11e1f2fc2c106f7d3264504c__SmartFix,REAL,False,,,,,,
5,rcx_unchecked_low_level_calls__0x4a66ad0bca2d700f11e1f2fc2c106f7d3264504c__TIPS,REAL,False,22,1,1,0.81,490.29,491.1
5,rcx_unchecked_low_level_calls__0x4a66ad0bca2d700f11e1f2fc2c106f7d3264504c__sGuard,REAL,False,17,3,3,0.51,324.59,325.09999999999997
5,rcx_unchecked_low_level_calls__0x5aa88d2901c68fda244f1d0584400368d2c8e739__SmartFix,REAL,False,25,2,2,0.62,513.9,514.52
5,rcx_unchecked_low_level_calls__0x610495793564aed0f9c7fc48dc4c7c9151d34fd6__SmartFix,REAL,False,11,1,1,0.76,215.78,216.54
5,rcx_unchecked_low_level_calls__0x610495793564aed0f9c7fc48dc4c7c9151d34fd6__TIPS,REAL,False,8,1,1,1.05,148.99,150.04000000000002
5,rcx_unchecked_low_level_calls__0x610495793564aed0f9c7fc48dc4c7c9151d34fd6__sGuard,REAL,False,5,0,0,1.77,121.21,122.97999999999999
5,rcx_unchecked_low_level_calls__0x610495793564aed0f9c7fc48dc4c7c9151d34fd6__sGuardPlus,REAL,False,6,0,0,0.93,104.64,105.57000000000001
5,rcx_unchecked_low_level_calls__0xa46edd6a9a93feec36576ee5048146870ea2c3ae__TIPS,REAL,False,10,0,0,0.67,209.01,209.67999999999998
5,rcx_unchecked_low_level_calls__0xa46edd6a9a93feec36576ee5048146870ea2c3ae__sGuard,REAL,False,7,0,0,1.23,164.25,165.48
5,rcx_unchecked_low_level_calls__0xb37f18af15bafb869a065b61fc83cfc44ed9cc27__SmartFix,REAL,False,11,1,1,0.64,232.85,233.48999999999998
5,rcx_unchecked_low_level_calls__0xb37f18af15bafb869a065b61fc83cfc44ed9cc27__TIPS,REAL,False,8,0,0,0.33,140.43,140.76000000000002
5,rcx_unchecked_low_level_calls__0xb37f18af15bafb869a065b61fc83cfc44ed9cc27__sGuard,REAL,False,5,2,2,1.84,112.3,114.14
5,rcx_unchecked_low_level_calls__0xb37f18af15bafb869a065b61fc83cfc44ed9cc27__sGuardPlus,REAL,False,6,0,0,1.01,119.25,120.26
5,rcx_unchecked_low_level_calls__0xd5967fed03e85d1cce44cab284695b41bc675b5c__TIPS,REAL,False,10,0,0,0.39,179.5,179.89
5,rcx_unchecked_low_level_calls__0xd5967fed03e85d1cce44cab284695b41bc675b5c__sGuard,REAL,False,7,2,2,0.59,133.55,134.14000000000001
5,rcx_unchecked_low_level_calls__0xf29ebe930a539a60279ace72c707cba851a57707__TIPS,REAL,False,7,0,0,0.76,154.0,154.76
5,rcx_unchecked_low_level_calls__0xf29ebe930a539a60279ace72c707cba851a57707__sGuard,REAL,False,4,1,1,0.93,82.77,83.7
5,rcx_unchecked_low_level_calls__0xf29ebe930a539a60279ace72c707cba851a57707__sGuardPlus,REAL,False,5,1,1,1.82,143.96,145.78
5,reprod_DCFToken,REAL,False,,,,,,
