case_id,tier,source,soltg_status,forge_status,n_tests,n_failed,kill_rate,killed
acfix_fixlink_DepositLog,real,ACFix-fixlink,ok,no_json,0,0,,False
acfix_fixlink_DnGmxBatchingManager,real,ACFix-fixlink,no_tests_generated,,0,0,,False
acfix_fixlink_MStableYieldSource,real,ACFix-fixlink,no_tests_generated,,0,0,,False
acfix_fixlink_Product,real,ACFix-fixlink,no_tests_generated,,0,0,,False
acfix_fixlink_Product2,real,ACFix-fixlink,no_tests_generated,,0,0,,False
acfix_real_BaseEscalationManager,real,ACFix-real,no_tests_generated,,0,0,,False
acfix_real_FlashGovernanceArbiter,real,ACFix-real,no_tests_generated,,0,0,,False
pop_001_Multicall,real,PoP,no_tests_generated,,0,0,,False
pop_009_PrivatePool,real,PoP,no_tests_generated,,0,0,,False
pop_018_PrivatePool,real,PoP,no_tests_generated,,0,0,,False
pop_020_GSPFunding,real,PoP,no_tests_generated,,0,0,,False
pop_032_PuttyV2,real,PoP,no_tests_generated,,0,0,,False
pop_033_PrivatePool,real,PoP,no_tests_generated,,0,0,,False
pop_042_VaultAdapter,real,PoP,no_tests_generated,,0,0,,False
pop_046_CVXStaker,real,PoP,no_tests_generated,,0,0,,False
pop_048_PrivatePool,real,PoP,no_tests_generated,,0,0,,False
pop_049_Cooler,real,PoP,no_tests_generated,,0,0,,False
pop_051_LiquidityPool,real,PoP,no_tests_generated,,0,0,,False
pop_058_PuttyV2,real,PoP,no_tests_generated,,0,0,,False
pop_066_LRTDepositPool,real,PoP,no_tests_generated,,0,0,,False
pop_070_PhiNFT1155,real,PoP,no_tests_generated,,0,0,,False
pop_077_GameItems,real,PoP,no_tests_generated,,0,0,,False
pop_077_MergingPool,real,PoP,no_tests_generated,,0,0,,False
acfix_002_Templedao,toolfixed,ACFix,no_tests_generated,,0,0,,False
acfix_015_CVE_2018_10666,toolfixed,ACFix,no_tests_generated,,0,0,,False
acfix_016_CVE_2018_10705,toolfixed,ACFix,no_tests_generated,,0,0,,False
acfix_021_CVE_2018_19832,toolfixed,ACFix,ok,ok,11,5,0.4545,True
acfix_022_CVE_2018_19833,toolfixed,ACFix,ok,no_json,0,0,,False
acfix_026_CVE_2019_15080,toolfixed,ACFix,ok,no_json,0,0,,False
acfix_030_CVE_2021_34272,toolfixed,ACFix,ok,no_json,0,0,,False
acfix_031_CVE_2021_34273,toolfixed,ACFix,no_tests_generated,,0,0,,False
acfix_032_CVE_2021_39167,toolfixed,ACFix,no_tests_generated,,0,0,,False
acfix_033_CVE_2021_39168,toolfixed,ACFix,no_tests_generated,,0,0,,False
acfix_077_L1Block,toolfixed,ACFix,no_tests_generated,,0,0,,False
acfix_088_EmergencyOracleFactory,toolfixed,ACFix,no_tests_generated,,0,0,,False
acfix_3_5_015_CVE_2018_10666,toolfixed,ACFix-3.5,no_tests_generated,,0,0,,False
acfix_3_5_016_CVE_2018_10705,toolfixed,ACFix-3.5,no_tests_generated,,0,0,,False
acfix_3_5_076_RoundFactory,toolfixed,ACFix-3.5,no_tests_generated,,0,0,,False
acfix_3_5_077_L1Block,toolfixed,ACFix-3.5,no_tests_generated,,0,0,,False
acfix_3_5_088_EmergencyOracleFactory,toolfixed,ACFix-3.5,no_tests_generated,,0,0,,False
acfix_3_5_101_ANCHToken,toolfixed,ACFix-3.5,no_tests_generated,,0,0,,False
acfix_llama3_002_Templedao,toolfixed,ACFix-llama3,no_tests_generated,,0,0,,False
acfix_llama3_017_CVE_2018_11329,toolfixed,ACFix-llama3,no_tests_generated,,0,0,,False
acfix_llama3_022_CVE_2018_19833,toolfixed,ACFix-llama3,ok,no_json,0,0,,False
acfix_llama3_024_CVE_2019_15078,toolfixed,ACFix-llama3,ok,ok,11,5,0.4545,True
ct_20_Pool_sol_Synth_sol_Failing_Max_Value_Al,toolfixed,ContractTinker,no_tests_generated,,0,0,,False
ct_5_Proposals_can_be_cancelled,toolfixed,ContractTinker,no_tests_generated,,0,0,,False
rc_unchecked_low_level_calls__0x07f7ecb66d788ab01dc93b9b71a88401de7d0f2e__SolGPT__0x07f7ecb66d788ab01dc93b9b71a88401de7d0f2e_3round,toolfixed,RepairComp,no_tests_generated,,0,0,,False
rc_unchecked_low_level_calls__0x2972d548497286d18e92b5fa1f8f9139e5653fd2__SolGPT__0x2972d548497286d18e92b5fa1f8f9139e5653fd2_3round,toolfixed,RepairComp,no_tests_generated,,0,0,,False
rc_unchecked_low_level_calls__0x4051334adc52057aca763453820cb0e045076ef3__SolGPT__0x4051334adc52057aca763453820cb0e045076ef3_2round,toolfixed,RepairComp,no_tests_generated,,0,0,,False
rc_unchecked_low_level_calls__0x4051334adc52057aca763453820cb0e045076ef3__SolGPT__0x4051334adc52057aca763453820cb0e045076ef3_3round,toolfixed,RepairComp,no_tests_generated,,0,0,,False
rc_unchecked_low_level_calls__0x4b71ad9c1a84b9b643aa54fdd66e2dec96e8b152__SolGPT__0x4b71ad9c1a84b9b643aa54fdd66e2dec96e8b152_1round,toolfixed,RepairComp,no_tests_generated,,0,0,,False
rc_unchecked_low_level_calls__0x4b71ad9c1a84b9b643aa54fdd66e2dec96e8b152__SolGPT__0x4b71ad9c1a84b9b643aa54fdd66e2dec96e8b152_2round,toolfixed,RepairComp,no_tests_generated,,0,0,,False
rc_unchecked_low_level_calls__0x4b71ad9c1a84b9b643aa54fdd66e2dec96e8b152__SolGPT__0x4b71ad9c1a84b9b643aa54fdd66e2dec96e8b152_3round,toolfixed,RepairComp,no_tests_generated,,0,0,,False
rc_unchecked_low_level_calls__0x7d09edb07d23acb532a82be3da5c17d9d85806b4__TIPS__0x7d09edb07d23acb532a82be3da5c17d9d85806b4U2,toolfixed,RepairComp,no_tests_generated,,0,0,,False
rc_unchecked_low_level_calls__0xa1fceeff3acc57d257b917e30c4df661401d6431__SolGPT__0xa1fceeff3acc57d257b917e30c4df661401d6431_1round,toolfixed,RepairComp,no_tests_generated,,0,0,,False
rc_unchecked_low_level_calls__0xb7c5c5aa4d42967efe906e1b66cb8df9cebf04f7__sGuardPlus__0xb7c5c5aa4d42967efe906e1b66cb8df9cebf04f7,toolfixed,RepairComp,ok,ok,1,0,0.0,False
rc_unchecked_low_level_calls__0xe894d54dca59cb53fe9cbc5155093605c7068220__TIPS__0xe894d54dca59cb53fe9cbc5155093605c7068220U1,toolfixed,RepairComp,no_tests_generated,,0,0,,False
rcx_reentrancy__0x23a91059fdc9579a9fbd0edc5f2ea0bfdb70deb4__SmartFix,toolfixed,RepairComp,no_tests_generated,,0,0,,False
rcx_reentrancy__0x4320e6f8c05b27ab4707cd1f6d5ce6f3e4b3a5a1__SmartFix,toolfixed,RepairComp,no_tests_generated,,0,0,,False
rcx_reentrancy__0x4e73b32ed6c35f570686b89848e5f39f20ecc106__SmartFix,toolfixed,RepairComp,no_tests_generated,,0,0,,False
rcx_reentrancy__0x561eac93c92360949ab1f1403323e6db345cbf31__SmartFix,toolfixed,RepairComp,no_tests_generated,,0,0,,False
rcx_reentrancy__0x7b368c4e805c3870b6c49a3f1f49f69af8662cf3__SmartFix,toolfixed,RepairComp,no_tests_generated,,0,0,,False
rcx_reentrancy__0x7b368c4e805c3870b6c49a3f1f49f69af8662cf3__sGuard,toolfixed,RepairComp,no_tests_generated,,0,0,,False
rcx_reentrancy__0x93c32845fae42c83a70e5f06214c8433665c2ab5__SmartFix,toolfixed,RepairComp,no_tests_generated,,0,0,,False
rcx_reentrancy__0x93c32845fae42c83a70e5f06214c8433665c2ab5__sGuard,toolfixed,RepairComp,no_tests_generated,,0,0,,False
rcx_reentrancy__0x96edbe868531bd23a6c05e9d0c424ea64fb1b78b__SmartFix,toolfixed,RepairComp,no_tests_generated,,0,0,,False
rcx_reentrancy__0x96edbe868531bd23a6c05e9d0c424ea64fb1b78b__sGuard,toolfixed,RepairComp,no_tests_generated,,0,0,,False
rcx_reentrancy__0xaae1f51cf3339f18b6d3f3bdc75a5facd744b0b8__SmartFix,toolfixed,RepairComp,no_tests_generated,,0,0,,False
rcx_reentrancy__0xb5e1b1ee15c6fa0e48fce100125569d430f1bd12__SmartFix,toolfixed,RepairComp,no_tests_generated,,0,0,,False
rcx_reentrancy__0xbe4041d55db380c5ae9d4a9b9703f1ed4e7e3888__SmartFix,toolfixed,RepairComp,no_tests_generated,,0,0,,False
rcx_reentrancy__0xbe4041d55db380c5ae9d4a9b9703f1ed4e7e3888__sGuard,toolfixed,RepairComp,no_tests_generated,,0,0,,False
rcx_reentrancy__0xf015c35649c82f5467c9c74b7f28ee67665aad68__SmartFix,toolfixed,RepairComp,no_tests_generated,,0,0,,False
rcx_reentrancy__0xf015c35649c82f5467c9c74b7f28ee67665aad68__sGuard,toolfixed,RepairComp,no_tests_generated,,0,0,,False
rcx_unchecked_low_level_calls__0x3e013fc32a54c4c5b6991ba539dcd0ec4355c859__SmartFix,toolfixed,RepairComp,ok,no_json,0,0,,False
rcx_unchecked_low_level_calls__0x4a66ad0bca2d700f11e1f2fc2c106f7d3264504c__SmartFix,toolfixed,RepairComp,no_tests_generated,,0,0,,False
rcx_unchecked_low_level_calls__0x4a66ad0bca2d700f11e1f2fc2c106f7d3264504c__TIPS,toolfixed,RepairComp,no_tests_generated,,0,0,,False
rcx_unchecked_low_level_calls__0x4a66ad0bca2d700f11e1f2fc2c106f7d3264504c__sGuard,toolfixed,RepairComp,no_tests_generated,,0,0,,False
rcx_unchecked_low_level_calls__0x5aa88d2901c68fda244f1d0584400368d2c8e739__SmartFix,toolfixed,RepairComp,ok,no_json,0,0,,False
rcx_unchecked_low_level_calls__0x610495793564aed0f9c7fc48dc4c7c9151d34fd6__SmartFix,toolfixed,RepairComp,no_tests_generated,,0,0,,False
rcx_unchecked_low_level_calls__0x610495793564aed0f9c7fc48dc4c7c9151d34fd6__TIPS,toolfixed,RepairComp,no_tests_generated,,0,0,,False
rcx_unchecked_low_level_calls__0x610495793564aed0f9c7fc48dc4c7c9151d34fd6__sGuard,toolfixed,RepairComp,no_tests_generated,,0,0,,False
rcx_unchecked_low_level_calls__0x610495793564aed0f9c7fc48dc4c7c9151d34fd6__sGuardPlus,toolfixed,RepairComp,no_tests_generated,,0,0,,False
rcx_unchecked_low_level_calls__0xa46edd6a9a93feec36576ee5048146870ea2c3ae__TIPS,toolfixed,RepairComp,no_tests_generated,,0,0,,False
rcx_unchecked_low_level_calls__0xa46edd6a9a93feec36576ee5048146870ea2c3ae__sGuard,toolfixed,RepairComp,no_tests_generated,,0,0,,False
rcx_unchecked_low_level_calls__0xb37f18af15bafb869a065b61fc83cfc44ed9cc27__SmartFix,toolfixed,RepairComp,no_tests_generated,,0,0,,False
rcx_unchecked_low_level_calls__0xb37f18af15bafb869a065b61fc83cfc44ed9cc27__TIPS,toolfixed,RepairComp,no_tests_generated,,0,0,,False
rcx_unchecked_low_level_calls__0xb37f18af15bafb869a065b61fc83cfc44ed9cc27__sGuard,toolfixed,RepairComp,no_tests_generated,,0,0,,False
rcx_unchecked_low_level_calls__0xb37f18af15bafb869a065b61fc83cfc44ed9cc27__sGuardPlus,toolfixed,RepairComp,no_tests_generated,,0,0,,False
rcx_unchecked_low_level_calls__0xd5967fed03e85d1cce44cab284695b41bc675b5c__TIPS,toolfixed,RepairComp,no_tests_generated,,0,0,,False
rcx_unchecked_low_level_calls__0xd5967fed03e85d1cce44cab284695b41bc675b5c__sGuard,toolfixed,RepairComp,no_tests_generated,,0,0,,False
rcx_unchecked_low_level_calls__0xf29ebe930a539a60279ace72c707cba851a57707__TIPS,toolfixed,RepairComp,ok,ok,2,1,0.5,True
rcx_unchecked_low_level_calls__0xf29ebe930a539a60279ace72c707cba851a57707__sGuard,toolfixed,RepairComp,ok,ok,2,1,0.5,True
rcx_unchecked_low_level_calls__0xf29ebe930a539a60279ace72c707cba851a57707__sGuardPlus,toolfixed,RepairComp,ok,ok,2,1,0.5,True
reprod_DCFToken,real,ReprodRepair,no_tests_generated,,0,0,,False
rc_access_control__mycontract__SolGPT__mycontract_2round,toolfixed,RepairComp,ok,ok,1,1,1.0,True
rc_access_control__mycontract__SolGPT__mycontract_3round,toolfixed,RepairComp,ok,ok,1,1,1.0,True
rc_access_control__mycontract__sGuard__mycontract,toolfixed,RepairComp,ok,ok,1,1,1.0,True
rc_access_control__phishable__SmartFix__phishable,toolfixed,RepairComp,ok,ok,2,1,0.5,True
rc_access_control__phishable__TIPS__phishable,toolfixed,RepairComp,ok,ok,2,1,0.5,True
rc_access_control__phishable__sGuardPlus__phishable,toolfixed,RepairComp,ok,ok,2,1,0.5,True
rc_access_control__phishable__sGuard__phishable,toolfixed,RepairComp,ok,ok,2,1,0.5,True
rc_access_control__proxy__SolGPT__proxy_4round,toolfixed,RepairComp,ok,no_json,0,0,,False
rc_access_control__simple_suicide__SmartFix__simple_suicide,toolfixed,RepairComp,ok,ok,1,0,0.0,False
rc_access_control__simple_suicide__sGuardPlus__simple_suicide,toolfixed,RepairComp,ok,ok,1,0,0.0,False
rc_access_control__wallet_02_refund_nosub__SmartFix__wallet_02_refund_nosub,toolfixed,RepairComp,no_tests_generated,,0,0,,False
rc_access_control__wallet_02_refund_nosub__SolGPT__wallet_02_refund_nosub_2round,toolfixed,RepairComp,ok,ok,4,2,0.5,True
rc_bad_randomness__old_blockhash__SolGPT__old_blockhash_1round,toolfixed,RepairComp,ok,ok,1,1,1.0,True
rc_bad_randomness__old_blockhash__SolGPT__old_blockhash_2round,toolfixed,RepairComp,ok,ok,1,1,1.0,True
rc_bad_randomness__old_blockhash__SolGPT__old_blockhash_3round,toolfixed,RepairComp,ok,ok,1,1,1.0,True
rc_reentrancy__modifier_reentrancy__SmartFix__modifier_reentrancy,toolfixed,RepairComp,no_tests_generated,,0,0,,False
rc_reentrancy__reentrancy_bonus__SmartFix__reentrancy_bonus,toolfixed,RepairComp,ok,ok,2,1,0.5,True
rc_reentrancy__reentrancy_dao__SolGPT__reentrancy_dao_1round,toolfixed,RepairComp,ok,ok,3,0,0.0,False
rc_reentrancy__reentrancy_dao__SolGPT__reentrancy_dao_4round,toolfixed,RepairComp,ok,ok,3,0,0.0,False
rc_reentrancy__reentrancy_dao__sGuardPlus__reentrancy_dao,toolfixed,RepairComp,ok,ok,2,0,0.0,False
rc_reentrancy__reentrancy_simple__SmartFix__reentrancy_simple,toolfixed,RepairComp,ok,ok,2,0,0.0,False
rc_reentrancy__reentrancy_simple__sGuard__reentrancy_simple,toolfixed,RepairComp,ok,ok,1,0,0.0,False
rc_time_manipulation__ether_lotto__SolGPT__ether_lotto_1round,toolfixed,RepairComp,ok,ok,1,1,1.0,True
rc_time_manipulation__ether_lotto__SolGPT__ether_lotto_2round,toolfixed,RepairComp,ok,ok,1,1,1.0,True
rc_time_manipulation__ether_lotto__SolGPT__ether_lotto_3round,toolfixed,RepairComp,ok,ok,1,1,1.0,True
rc_time_manipulation__roulette__SolGPT__roulette_1round,toolfixed,RepairComp,no_tests_generated,,0,0,,False
rc_time_manipulation__roulette__SolGPT__roulette_2round,toolfixed,RepairComp,no_tests_generated,,0,0,,False
rc_time_manipulation__roulette__SolGPT__roulette_3round,toolfixed,RepairComp,no_tests_generated,,0,0,,False
rc_time_manipulation__roulette__SolGPT__roulette_4round,toolfixed,RepairComp,no_tests_generated,,0,0,,False
