trial,case_id,group,success,journal_tag
1,acfix_002_Templedao,REAL,False,solar
1,acfix_015_CVE_2018_10666,REAL,False,solar
1,acfix_016_CVE_2018_10705,REAL,False,solar
1,acfix_021_CVE_2018_19832,REAL,False,solar
1,acfix_022_CVE_2018_19833,REAL,False,solar
1,acfix_026_CVE_2019_15080,REAL,False,solar
1,acfix_030_CVE_2021_34272,REAL,False,solar
1,acfix_031_CVE_2021_34273,REAL,False,solar
1,acfix_032_CVE_2021_39167,REAL,False,solar
1,acfix_033_CVE_2021_39168,REAL,False,solar
1,acfix_077_L1Block,REAL,False,solar
1,acfix_088_EmergencyOracleFactory,REAL,False,solar
1,acfix_3_5_015_CVE_2018_10666,REAL,False,solar
1,acfix_3_5_016_CVE_2018_10705,REAL,False,solar
1,acfix_3_5_076_RoundFactory,REAL,False,solar
1,acfix_3_5_077_L1Block,REAL,False,solar
1,acfix_3_5_088_EmergencyOracleFactory,REAL,False,solar
1,acfix_3_5_101_ANCHToken,REAL,False,solar
1,acfix_fixlink_DepositLog,REAL,False,solar
1,acfix_fixlink_DnGmxBatchingManager,REAL,False,solar
1,acfix_fixlink_MStableYieldSource,REAL,False,solar
1,acfix_fixlink_Product,REAL,False,solar
1,acfix_fixlink_Product2,REAL,False,solar
1,acfix_llama3_002_Templedao,REAL,False,solar
1,acfix_llama3_017_CVE_2018_11329,REAL,False,solar
1,acfix_llama3_022_CVE_2018_19833,REAL,False,solar
1,acfix_llama3_024_CVE_2019_15078,REAL,False,solar
1,acfix_real_BaseEscalationManager,REAL,False,solar
1,acfix_real_FlashGovernanceArbiter,REAL,False,solar
1,ct_20_Pool_sol_Synth_sol_Failing_Max_Value_Al,REAL,False,solar
1,ct_5_Proposals_can_be_cancelled,REAL,False,solar
1,pop_001_Multicall,REAL,False,solar
1,pop_009_PrivatePool,REAL,False,solar
1,pop_018_PrivatePool,REAL,False,solar
1,pop_020_GSPFunding,REAL,False,solar
1,pop_032_PuttyV2,REAL,False,solar
1,pop_033_PrivatePool,REAL,False,solar
1,pop_042_VaultAdapter,REAL,False,solar
1,pop_046_CVXStaker,REAL,False,solar
1,pop_048_PrivatePool,REAL,False,solar
1,pop_049_Cooler,REAL,False,solar
1,pop_051_LiquidityPool,REAL,False,solar
1,pop_058_PuttyV2,REAL,False,solar
1,pop_066_LRTDepositPool,REAL,False,solar
1,pop_070_PhiNFT1155,REAL,False,solar
1,pop_077_GameItems,REAL,False,solar
1,pop_077_MergingPool,REAL,False,solar
1,rc_access_control__mycontract__SolGPT__mycontract_2round,BENCH,False,solar
1,rc_access_control__mycontract__SolGPT__mycontract_3round,BENCH,False,solar
1,rc_access_control__mycontract__sGuard__mycontract,BENCH,False,solar
1,rc_access_control__phishable__SmartFix__phishable,BENCH,False,solar
1,rc_access_control__phishable__TIPS__phishable,BENCH,False,solar
1,rc_access_control__phishable__sGuardPlus__phishable,BENCH,False,solar
1,rc_access_control__phishable__sGuard__phishable,BENCH,False,solar
1,rc_access_control__proxy__SolGPT__proxy_4round,BENCH,False,solar
1,rc_access_control__simple_suicide__SmartFix__simple_suicide,BENCH,False,solar
1,rc_access_control__simple_suicide__sGuardPlus__simple_suicide,BENCH,False,solar
1,rc_access_control__wallet_02_refund_nosub__SmartFix__wallet_02_refund_nosub,BENCH,False,solar
1,rc_access_control__wallet_02_refund_nosub__SolGPT__wallet_02_refund_nosub_2round,BENCH,False,solar
1,rc_bad_randomness__old_blockhash__SolGPT__old_blockhash_1round,BENCH,False,solar
1,rc_bad_randomness__old_blockhash__SolGPT__old_blockhash_2round,BENCH,False,solar
1,rc_bad_randomness__old_blockhash__SolGPT__old_blockhash_3round,BENCH,False,solar
1,rc_reentrancy__modifier_reentrancy__SmartFix__modifier_reentrancy,BENCH,False,solar
1,rc_reentrancy__reentrancy_bonus__SmartFix__reentrancy_bonus,BENCH,False,solar
1,rc_reentrancy__reentrancy_dao__SolGPT__reentrancy_dao_1round,BENCH,False,solar
1,rc_reentrancy__reentrancy_dao__SolGPT__reentrancy_dao_4round,BENCH,False,solar
1,rc_reentrancy__reentrancy_dao__sGuardPlus__reentrancy_dao,BENCH,False,solar
1,rc_reentrancy__reentrancy_simple__SmartFix__reentrancy_simple,BENCH,False,solar
1,rc_reentrancy__reentrancy_simple__sGuard__reentrancy_simple,BENCH,False,solar
1,rc_time_manipulation__ether_lotto__SolGPT__ether_lotto_1round,BENCH,False,solar
1,rc_time_manipulation__ether_lotto__SolGPT__ether_lotto_2round,BENCH,False,solar
1,rc_time_manipulation__ether_lotto__SolGPT__ether_lotto_3round,BENCH,False,solar
1,rc_time_manipulation__roulette__SolGPT__roulette_1round,BENCH,False,solar
1,rc_time_manipulation__roulette__SolGPT__roulette_2round,BENCH,False,solar
1,rc_time_manipulation__roulette__SolGPT__roulette_3round,BENCH,False,solar
1,rc_time_manipulation__roulette__SolGPT__roulette_4round,BENCH,False,solar
1,rc_unchecked_low_level_calls__0x07f7ecb66d788ab01dc93b9b71a88401de7d0f2e__SolGPT__0x07f7ecb66d788ab01dc93b9b71a88401de7d0f2e_3round,REAL,False,solar
1,rc_unchecked_low_level_calls__0x2972d548497286d18e92b5fa1f8f9139e5653fd2__SolGPT__0x2972d548497286d18e92b5fa1f8f9139e5653fd2_3round,REAL,False,solar
1,rc_unchecked_low_level_calls__0x4051334adc52057aca763453820cb0e045076ef3__SolGPT__0x4051334adc52057aca763453820cb0e045076ef3_2round,REAL,False,solar
1,rc_unchecked_low_level_calls__0x4051334adc52057aca763453820cb0e045076ef3__SolGPT__0x4051334adc52057aca763453820cb0e045076ef3_3round,REAL,False,solar
1,rc_unchecked_low_level_calls__0x4b71ad9c1a84b9b643aa54fdd66e2dec96e8b152__SolGPT__0x4b71ad9c1a84b9b643aa54fdd66e2dec96e8b152_1round,REAL,False,solar
1,rc_unchecked_low_level_calls__0x4b71ad9c1a84b9b643aa54fdd66e2dec96e8b152__SolGPT__0x4b71ad9c1a84b9b643aa54fdd66e2dec96e8b152_2round,REAL,False,solar
1,rc_unchecked_low_level_calls__0x4b71ad9c1a84b9b643aa54fdd66e2dec96e8b152__SolGPT__0x4b71ad9c1a84b9b643aa54fdd66e2dec96e8b152_3round,REAL,False,solar
1,rc_unchecked_low_level_calls__0x7d09edb07d23acb532a82be3da5c17d9d85806b4__TIPS__0x7d09edb07d23acb532a82be3da5c17d9d85806b4U2,REAL,False,solar
1,rc_unchecked_low_level_calls__0xa1fceeff3acc57d257b917e30c4df661401d6431__SolGPT__0xa1fceeff3acc57d257b917e30c4df661401d6431_1round,REAL,False,solar
1,rc_unchecked_low_level_calls__0xb7c5c5aa4d42967efe906e1b66cb8df9cebf04f7__sGuardPlus__0xb7c5c5aa4d42967efe906e1b66cb8df9cebf04f7,REAL,False,solar
1,rc_unchecked_low_level_calls__0xe894d54dca59cb53fe9cbc5155093605c7068220__TIPS__0xe894d54dca59cb53fe9cbc5155093605c7068220U1,REAL,False,solar
1,rcx_reentrancy__0x23a91059fdc9579a9fbd0edc5f2ea0bfdb70deb4__SmartFix,REAL,False,solar
1,rcx_reentrancy__0x4320e6f8c05b27ab4707cd1f6d5ce6f3e4b3a5a1__SmartFix,REAL,False,solar
1,rcx_reentrancy__0x4e73b32ed6c35f570686b89848e5f39f20ecc106__SmartFix,REAL,False,solar
1,rcx_reentrancy__0x561eac93c92360949ab1f1403323e6db345cbf31__SmartFix,REAL,False,solar
1,rcx_reentrancy__0x7b368c4e805c3870b6c49a3f1f49f69af8662cf3__SmartFix,REAL,False,solar
1,rcx_reentrancy__0x7b368c4e805c3870b6c49a3f1f49f69af8662cf3__sGuard,REAL,False,solar
1,rcx_reentrancy__0x93c32845fae42c83a70e5f06214c8433665c2ab5__SmartFix,REAL,False,solar
1,rcx_reentrancy__0x93c32845fae42c83a70e5f06214c8433665c2ab5__sGuard,REAL,False,solar
1,rcx_reentrancy__0x96edbe868531bd23a6c05e9d0c424ea64fb1b78b__SmartFix,REAL,False,solar
1,rcx_reentrancy__0x96edbe868531bd23a6c05e9d0c424ea64fb1b78b__sGuard,REAL,False,solar
1,rcx_reentrancy__0xaae1f51cf3339f18b6d3f3bdc75a5facd744b0b8__SmartFix,REAL,False,solar
1,rcx_reentrancy__0xb5e1b1ee15c6fa0e48fce100125569d430f1bd12__SmartFix,REAL,False,solar
1,rcx_reentrancy__0xbe4041d55db380c5ae9d4a9b9703f1ed4e7e3888__SmartFix,REAL,False,solar
1,rcx_reentrancy__0xbe4041d55db380c5ae9d4a9b9703f1ed4e7e3888__sGuard,REAL,False,solar
1,rcx_reentrancy__0xf015c35649c82f5467c9c74b7f28ee67665aad68__SmartFix,REAL,False,solar
1,rcx_reentrancy__0xf015c35649c82f5467c9c74b7f28ee67665aad68__sGuard,REAL,False,solar
1,rcx_unchecked_low_level_calls__0x3e013fc32a54c4c5b6991ba539dcd0ec4355c859__SmartFix,REAL,False,solar
1,rcx_unchecked_low_level_calls__0x4a66ad0bca2d700f11e1f2fc2c106f7d3264504c__SmartFix,REAL,False,solar
1,rcx_unchecked_low_level_calls__0x4a66ad0bca2d700f11e1f2fc2c106f7d3264504c__TIPS,REAL,False,solar
1,rcx_unchecked_low_level_calls__0x4a66ad0bca2d700f11e1f2fc2c106f7d3264504c__sGuard,REAL,False,solar
1,rcx_unchecked_low_level_calls__0x5aa88d2901c68fda244f1d0584400368d2c8e739__SmartFix,REAL,False,solar
1,rcx_unchecked_low_level_calls__0x610495793564aed0f9c7fc48dc4c7c9151d34fd6__SmartFix,REAL,False,solar
1,rcx_unchecked_low_level_calls__0x610495793564aed0f9c7fc48dc4c7c9151d34fd6__TIPS,REAL,False,solar
1,rcx_unchecked_low_level_calls__0x610495793564aed0f9c7fc48dc4c7c9151d34fd6__sGuard,REAL,False,solar
1,rcx_unchecked_low_level_calls__0x610495793564aed0f9c7fc48dc4c7c9151d34fd6__sGuardPlus,REAL,False,solar
1,rcx_unchecked_low_level_calls__0xa46edd6a9a93feec36576ee5048146870ea2c3ae__TIPS,REAL,False,solar
1,rcx_unchecked_low_level_calls__0xa46edd6a9a93feec36576ee5048146870ea2c3ae__sGuard,REAL,False,solar
1,rcx_unchecked_low_level_calls__0xb37f18af15bafb869a065b61fc83cfc44ed9cc27__SmartFix,REAL,False,solar
1,rcx_unchecked_low_level_calls__0xb37f18af15bafb869a065b61fc83cfc44ed9cc27__TIPS,REAL,False,solar
1,rcx_unchecked_low_level_calls__0xb37f18af15bafb869a065b61fc83cfc44ed9cc27__sGuard,REAL,False,solar
1,rcx_unchecked_low_level_calls__0xb37f18af15bafb869a065b61fc83cfc44ed9cc27__sGuardPlus,REAL,False,solar
1,rcx_unchecked_low_level_calls__0xd5967fed03e85d1cce44cab284695b41bc675b5c__TIPS,REAL,False,solar
1,rcx_unchecked_low_level_calls__0xd5967fed03e85d1cce44cab284695b41bc675b5c__sGuard,REAL,False,solar
1,rcx_unchecked_low_level_calls__0xf29ebe930a539a60279ace72c707cba851a57707__TIPS,REAL,False,solar
1,rcx_unchecked_low_level_calls__0xf29ebe930a539a60279ace72c707cba851a57707__sGuard,REAL,False,solar
1,rcx_unchecked_low_level_calls__0xf29ebe930a539a60279ace72c707cba851a57707__sGuardPlus,REAL,False,solar
1,reprod_DCFToken,REAL,False,solar
2,acfix_002_Templedao,REAL,False,solar_r2
2,acfix_015_CVE_2018_10666,REAL,False,solar_r2
2,acfix_016_CVE_2018_10705,REAL,False,solar_r2
2,acfix_021_CVE_2018_19832,REAL,False,solar_r2
2,acfix_022_CVE_2018_19833,REAL,False,solar_r2
2,acfix_026_CVE_2019_15080,REAL,False,solar_r2
2,acfix_030_CVE_2021_34272,REAL,False,solar_r2
2,acfix_031_CVE_2021_34273,REAL,False,solar_r2
2,acfix_032_CVE_2021_39167,REAL,False,solar_r2
2,acfix_033_CVE_2021_39168,REAL,False,solar_r2
2,acfix_077_L1Block,REAL,False,solar_r2
2,acfix_088_EmergencyOracleFactory,REAL,False,solar_r2
2,acfix_3_5_015_CVE_2018_10666,REAL,False,solar_r2
2,acfix_3_5_016_CVE_2018_10705,REAL,False,solar_r2
2,acfix_3_5_076_RoundFactory,REAL,False,solar_r2
2,acfix_3_5_077_L1Block,REAL,False,solar_r2
2,acfix_3_5_088_EmergencyOracleFactory,REAL,False,solar_r2
2,acfix_3_5_101_ANCHToken,REAL,False,solar_r2
2,acfix_fixlink_DepositLog,REAL,False,solar_r2
2,acfix_fixlink_DnGmxBatchingManager,REAL,False,solar_r2
2,acfix_fixlink_MStableYieldSource,REAL,False,solar_r2
2,acfix_fixlink_Product,REAL,False,solar_r2
2,acfix_fixlink_Product2,REAL,False,solar_r2
2,acfix_llama3_002_Templedao,REAL,False,solar_r2
2,acfix_llama3_017_CVE_2018_11329,REAL,False,solar_r2
2,acfix_llama3_022_CVE_2018_19833,REAL,False,solar_r2
2,acfix_llama3_024_CVE_2019_15078,REAL,False,solar_r2
2,acfix_real_BaseEscalationManager,REAL,False,solar_r2
2,acfix_real_FlashGovernanceArbiter,REAL,False,solar_r2
2,ct_20_Pool_sol_Synth_sol_Failing_Max_Value_Al,REAL,False,solar_r2
2,ct_5_Proposals_can_be_cancelled,REAL,False,solar_r2
2,pop_001_Multicall,REAL,False,solar_r2
2,pop_009_PrivatePool,REAL,False,solar_r2
2,pop_018_PrivatePool,REAL,False,solar_r2
2,pop_020_GSPFunding,REAL,False,solar_r2
2,pop_032_PuttyV2,REAL,False,solar_r2
2,pop_033_PrivatePool,REAL,False,solar_r2
2,pop_042_VaultAdapter,REAL,False,solar_r2
2,pop_046_CVXStaker,REAL,False,solar_r2
2,pop_048_PrivatePool,REAL,False,solar_r2
2,pop_049_Cooler,REAL,False,solar_r2
2,pop_051_LiquidityPool,REAL,False,solar_r2
2,pop_058_PuttyV2,REAL,False,solar_r2
2,pop_066_LRTDepositPool,REAL,False,solar_r2
2,pop_070_PhiNFT1155,REAL,False,solar_r2
2,pop_077_GameItems,REAL,False,solar_r2
2,pop_077_MergingPool,REAL,False,solar_r2
2,rc_access_control__mycontract__SolGPT__mycontract_2round,BENCH,False,solar_r2
2,rc_access_control__mycontract__SolGPT__mycontract_3round,BENCH,False,solar_r2
2,rc_access_control__mycontract__sGuard__mycontract,BENCH,False,solar_r2
2,rc_access_control__phishable__SmartFix__phishable,BENCH,False,solar_r2
2,rc_access_control__phishable__TIPS__phishable,BENCH,False,solar_r2
2,rc_access_control__phishable__sGuardPlus__phishable,BENCH,False,solar_r2
2,rc_access_control__phishable__sGuard__phishable,BENCH,False,solar_r2
2,rc_access_control__proxy__SolGPT__proxy_4round,BENCH,False,solar_r2
2,rc_access_control__simple_suicide__SmartFix__simple_suicide,BENCH,False,solar_r2
2,rc_access_control__simple_suicide__sGuardPlus__simple_suicide,BENCH,False,solar_r2
2,rc_access_control__wallet_02_refund_nosub__SmartFix__wallet_02_refund_nosub,BENCH,False,solar_r2
2,rc_access_control__wallet_02_refund_nosub__SolGPT__wallet_02_refund_nosub_2round,BENCH,False,solar_r2
2,rc_bad_randomness__old_blockhash__SolGPT__old_blockhash_1round,BENCH,False,solar_r2
2,rc_bad_randomness__old_blockhash__SolGPT__old_blockhash_2round,BENCH,False,solar_r2
2,rc_bad_randomness__old_blockhash__SolGPT__old_blockhash_3round,BENCH,False,solar_r2
2,rc_reentrancy__modifier_reentrancy__SmartFix__modifier_reentrancy,BENCH,False,solar_r2
2,rc_reentrancy__reentrancy_bonus__SmartFix__reentrancy_bonus,BENCH,False,solar_r2
2,rc_reentrancy__reentrancy_dao__SolGPT__reentrancy_dao_1round,BENCH,False,solar_r2
2,rc_reentrancy__reentrancy_dao__SolGPT__reentrancy_dao_4round,BENCH,False,solar_r2
2,rc_reentrancy__reentrancy_dao__sGuardPlus__reentrancy_dao,BENCH,False,solar_r2
2,rc_reentrancy__reentrancy_simple__SmartFix__reentrancy_simple,BENCH,False,solar_r2
2,rc_reentrancy__reentrancy_simple__sGuard__reentrancy_simple,BENCH,False,solar_r2
2,rc_time_manipulation__ether_lotto__SolGPT__ether_lotto_1round,BENCH,False,solar_r2
2,rc_time_manipulation__ether_lotto__SolGPT__ether_lotto_2round,BENCH,False,solar_r2
2,rc_time_manipulation__ether_lotto__SolGPT__ether_lotto_3round,BENCH,False,solar_r2
2,rc_time_manipulation__roulette__SolGPT__roulette_1round,BENCH,False,solar_r2
2,rc_time_manipulation__roulette__SolGPT__roulette_2round,BENCH,False,solar_r2
2,rc_time_manipulation__roulette__SolGPT__roulette_3round,BENCH,False,solar_r2
2,rc_time_manipulation__roulette__SolGPT__roulette_4round,BENCH,False,solar_r2
2,rc_unchecked_low_level_calls__0x07f7ecb66d788ab01dc93b9b71a88401de7d0f2e__SolGPT__0x07f7ecb66d788ab01dc93b9b71a88401de7d0f2e_3round,REAL,False,solar_r2
2,rc_unchecked_low_level_calls__0x2972d548497286d18e92b5fa1f8f9139e5653fd2__SolGPT__0x2972d548497286d18e92b5fa1f8f9139e5653fd2_3round,REAL,False,solar_r2
2,rc_unchecked_low_level_calls__0x4051334adc52057aca763453820cb0e045076ef3__SolGPT__0x4051334adc52057aca763453820cb0e045076ef3_2round,REAL,False,solar_r2
2,rc_unchecked_low_level_calls__0x4051334adc52057aca763453820cb0e045076ef3__SolGPT__0x4051334adc52057aca763453820cb0e045076ef3_3round,REAL,False,solar_r2
2,rc_unchecked_low_level_calls__0x4b71ad9c1a84b9b643aa54fdd66e2dec96e8b152__SolGPT__0x4b71ad9c1a84b9b643aa54fdd66e2dec96e8b152_1round,REAL,False,solar_r2
2,rc_unchecked_low_level_calls__0x4b71ad9c1a84b9b643aa54fdd66e2dec96e8b152__SolGPT__0x4b71ad9c1a84b9b643aa54fdd66e2dec96e8b152_2round,REAL,False,solar_r2
2,rc_unchecked_low_level_calls__0x4b71ad9c1a84b9b643aa54fdd66e2dec96e8b152__SolGPT__0x4b71ad9c1a84b9b643aa54fdd66e2dec96e8b152_3round,REAL,False,solar_r2
2,rc_unchecked_low_level_calls__0x7d09edb07d23acb532a82be3da5c17d9d85806b4__TIPS__0x7d09edb07d23acb532a82be3da5c17d9d85806b4U2,REAL,False,solar_r2
2,rc_unchecked_low_level_calls__0xa1fceeff3acc57d257b917e30c4df661401d6431__SolGPT__0xa1fceeff3acc57d257b917e30c4df661401d6431_1round,REAL,False,solar_r2
2,rc_unchecked_low_level_calls__0xb7c5c5aa4d42967efe906e1b66cb8df9cebf04f7__sGuardPlus__0xb7c5c5aa4d42967efe906e1b66cb8df9cebf04f7,REAL,False,solar_r2
2,rc_unchecked_low_level_calls__0xe894d54dca59cb53fe9cbc5155093605c7068220__TIPS__0xe894d54dca59cb53fe9cbc5155093605c7068220U1,REAL,False,solar_r2
2,rcx_reentrancy__0x23a91059fdc9579a9fbd0edc5f2ea0bfdb70deb4__SmartFix,REAL,False,solar_r2
2,rcx_reentrancy__0x4320e6f8c05b27ab4707cd1f6d5ce6f3e4b3a5a1__SmartFix,REAL,False,solar_r2
2,rcx_reentrancy__0x4e73b32ed6c35f570686b89848e5f39f20ecc106__SmartFix,REAL,False,solar_r2
2,rcx_reentrancy__0x561eac93c92360949ab1f1403323e6db345cbf31__SmartFix,REAL,False,solar_r2
2,rcx_reentrancy__0x7b368c4e805c3870b6c49a3f1f49f69af8662cf3__SmartFix,REAL,False,solar_r2
2,rcx_reentrancy__0x7b368c4e805c3870b6c49a3f1f49f69af8662cf3__sGuard,REAL,False,solar_r2
2,rcx_reentrancy__0x93c32845fae42c83a70e5f06214c8433665c2ab5__SmartFix,REAL,False,solar_r2
2,rcx_reentrancy__0x93c32845fae42c83a70e5f06214c8433665c2ab5__sGuard,REAL,False,solar_r2
2,rcx_reentrancy__0x96edbe868531bd23a6c05e9d0c424ea64fb1b78b__SmartFix,REAL,False,solar_r2
2,rcx_reentrancy__0x96edbe868531bd23a6c05e9d0c424ea64fb1b78b__sGuard,REAL,False,solar_r2
2,rcx_reentrancy__0xaae1f51cf3339f18b6d3f3bdc75a5facd744b0b8__SmartFix,REAL,False,solar_r2
2,rcx_reentrancy__0xb5e1b1ee15c6fa0e48fce100125569d430f1bd12__SmartFix,REAL,False,solar_r2
2,rcx_reentrancy__0xbe4041d55db380c5ae9d4a9b9703f1ed4e7e3888__SmartFix,REAL,False,solar_r2
2,rcx_reentrancy__0xbe4041d55db380c5ae9d4a9b9703f1ed4e7e3888__sGuard,REAL,False,solar_r2
2,rcx_reentrancy__0xf015c35649c82f5467c9c74b7f28ee67665aad68__SmartFix,REAL,False,solar_r2
2,rcx_reentrancy__0xf015c35649c82f5467c9c74b7f28ee67665aad68__sGuard,REAL,False,solar_r2
2,rcx_unchecked_low_level_calls__0x3e013fc32a54c4c5b6991ba539dcd0ec4355c859__SmartFix,REAL,False,solar_r2
2,rcx_unchecked_low_level_calls__0x4a66ad0bca2d700f11e1f2fc2c106f7d3264504c__SmartFix,REAL,False,solar_r2
2,rcx_unchecked_low_level_calls__0x4a66ad0bca2d700f11e1f2fc2c106f7d3264504c__TIPS,REAL,False,solar_r2
2,rcx_unchecked_low_level_calls__0x4a66ad0bca2d700f11e1f2fc2c106f7d3264504c__sGuard,REAL,False,solar_r2
2,rcx_unchecked_low_level_calls__0x5aa88d2901c68fda244f1d0584400368d2c8e739__SmartFix,REAL,False,solar_r2
2,rcx_unchecked_low_level_calls__0x610495793564aed0f9c7fc48dc4c7c9151d34fd6__SmartFix,REAL,False,solar_r2
2,rcx_unchecked_low_level_calls__0x610495793564aed0f9c7fc48dc4c7c9151d34fd6__TIPS,REAL,False,solar_r2
2,rcx_unchecked_low_level_calls__0x610495793564aed0f9c7fc48dc4c7c9151d34fd6__sGuard,REAL,False,solar_r2
2,rcx_unchecked_low_level_calls__0x610495793564aed0f9c7fc48dc4c7c9151d34fd6__sGuardPlus,REAL,False,solar_r2
2,rcx_unchecked_low_level_calls__0xa46edd6a9a93feec36576ee5048146870ea2c3ae__TIPS,REAL,False,solar_r2
2,rcx_unchecked_low_level_calls__0xa46edd6a9a93feec36576ee5048146870ea2c3ae__sGuard,REAL,False,solar_r2
2,rcx_unchecked_low_level_calls__0xb37f18af15bafb869a065b61fc83cfc44ed9cc27__SmartFix,REAL,False,solar_r2
2,rcx_unchecked_low_level_calls__0xb37f18af15bafb869a065b61fc83cfc44ed9cc27__TIPS,REAL,False,solar_r2
2,rcx_unchecked_low_level_calls__0xb37f18af15bafb869a065b61fc83cfc44ed9cc27__sGuard,REAL,False,solar_r2
2,rcx_unchecked_low_level_calls__0xb37f18af15bafb869a065b61fc83cfc44ed9cc27__sGuardPlus,REAL,False,solar_r2
2,rcx_unchecked_low_level_calls__0xd5967fed03e85d1cce44cab284695b41bc675b5c__TIPS,REAL,False,solar_r2
2,rcx_unchecked_low_level_calls__0xd5967fed03e85d1cce44cab284695b41bc675b5c__sGuard,REAL,False,solar_r2
2,rcx_unchecked_low_level_calls__0xf29ebe930a539a60279ace72c707cba851a57707__TIPS,REAL,False,solar_r2
2,rcx_unchecked_low_level_calls__0xf29ebe930a539a60279ace72c707cba851a57707__sGuard,REAL,False,solar_r2
2,rcx_unchecked_low_level_calls__0xf29ebe930a539a60279ace72c707cba851a57707__sGuardPlus,REAL,False,solar_r2
2,reprod_DCFToken,REAL,False,solar_r2
3,acfix_002_Templedao,REAL,False,solar_r3
3,acfix_015_CVE_2018_10666,REAL,False,solar_r3
3,acfix_016_CVE_2018_10705,REAL,False,solar_r3
3,acfix_021_CVE_2018_19832,REAL,False,solar_r3
3,acfix_022_CVE_2018_19833,REAL,False,solar_r3
3,acfix_026_CVE_2019_15080,REAL,False,solar_r3
3,acfix_030_CVE_2021_34272,REAL,False,solar_r3
3,acfix_031_CVE_2021_34273,REAL,False,solar_r3
3,acfix_032_CVE_2021_39167,REAL,False,solar_r3
3,acfix_033_CVE_2021_39168,REAL,False,solar_r3
3,acfix_077_L1Block,REAL,False,solar_r3
3,acfix_088_EmergencyOracleFactory,REAL,False,solar_r3
3,acfix_3_5_015_CVE_2018_10666,REAL,False,solar_r3
3,acfix_3_5_016_CVE_2018_10705,REAL,False,solar_r3
3,acfix_3_5_076_RoundFactory,REAL,False,solar_r3
3,acfix_3_5_077_L1Block,REAL,False,solar_r3
3,acfix_3_5_088_EmergencyOracleFactory,REAL,False,solar_r3
3,acfix_3_5_101_ANCHToken,REAL,False,solar_r3
3,acfix_fixlink_DepositLog,REAL,False,solar_r3
3,acfix_fixlink_DnGmxBatchingManager,REAL,False,solar_r3
3,acfix_fixlink_MStableYieldSource,REAL,False,solar_r3
3,acfix_fixlink_Product,REAL,False,solar_r3
3,acfix_fixlink_Product2,REAL,False,solar_r3
3,acfix_llama3_002_Templedao,REAL,False,solar_r3
3,acfix_llama3_017_CVE_2018_11329,REAL,False,solar_r3
3,acfix_llama3_022_CVE_2018_19833,REAL,False,solar_r3
3,acfix_llama3_024_CVE_2019_15078,REAL,False,solar_r3
3,acfix_real_BaseEscalationManager,REAL,False,solar_r3
3,acfix_real_FlashGovernanceArbiter,REAL,False,solar_r3
3,ct_20_Pool_sol_Synth_sol_Failing_Max_Value_Al,REAL,False,solar_r3
3,ct_5_Proposals_can_be_cancelled,REAL,False,solar_r3
3,pop_001_Multicall,REAL,False,solar_r3
3,pop_009_PrivatePool,REAL,False,solar_r3
3,pop_018_PrivatePool,REAL,False,solar_r3
3,pop_020_GSPFunding,REAL,False,solar_r3
3,pop_032_PuttyV2,REAL,False,solar_r3
3,pop_033_PrivatePool,REAL,False,solar_r3
3,pop_042_VaultAdapter,REAL,False,solar_r3
3,pop_046_CVXStaker,REAL,False,solar_r3
3,pop_048_PrivatePool,REAL,False,solar_r3
3,pop_049_Cooler,REAL,False,solar_r3
3,pop_051_LiquidityPool,REAL,False,solar_r3
3,pop_058_PuttyV2,REAL,False,solar_r3
3,pop_066_LRTDepositPool,REAL,False,solar_r3
3,pop_070_PhiNFT1155,REAL,False,solar_r3
3,pop_077_GameItems,REAL,False,solar_r3
3,pop_077_MergingPool,REAL,False,solar_r3
3,rc_access_control__mycontract__SolGPT__mycontract_2round,BENCH,False,solar_r3
3,rc_access_control__mycontract__SolGPT__mycontract_3round,BENCH,False,solar_r3
3,rc_access_control__mycontract__sGuard__mycontract,BENCH,False,solar_r3
3,rc_access_control__phishable__SmartFix__phishable,BENCH,False,solar_r3
3,rc_access_control__phishable__TIPS__phishable,BENCH,False,solar_r3
3,rc_access_control__phishable__sGuardPlus__phishable,BENCH,False,solar_r3
3,rc_access_control__phishable__sGuard__phishable,BENCH,False,solar_r3
3,rc_access_control__proxy__SolGPT__proxy_4round,BENCH,False,solar_r3
3,rc_access_control__simple_suicide__SmartFix__simple_suicide,BENCH,False,solar_r3
3,rc_access_control__simple_suicide__sGuardPlus__simple_suicide,BENCH,False,solar_r3
3,rc_access_control__wallet_02_refund_nosub__SmartFix__wallet_02_refund_nosub,BENCH,False,solar_r3
3,rc_access_control__wallet_02_refund_nosub__SolGPT__wallet_02_refund_nosub_2round,BENCH,False,solar_r3
3,rc_bad_randomness__old_blockhash__SolGPT__old_blockhash_1round,BENCH,False,solar_r3
3,rc_bad_randomness__old_blockhash__SolGPT__old_blockhash_2round,BENCH,False,solar_r3
3,rc_bad_randomness__old_blockhash__SolGPT__old_blockhash_3round,BENCH,False,solar_r3
3,rc_reentrancy__modifier_reentrancy__SmartFix__modifier_reentrancy,BENCH,False,solar_r3
3,rc_reentrancy__reentrancy_bonus__SmartFix__reentrancy_bonus,BENCH,False,solar_r3
3,rc_reentrancy__reentrancy_dao__SolGPT__reentrancy_dao_1round,BENCH,False,solar_r3
3,rc_reentrancy__reentrancy_dao__SolGPT__reentrancy_dao_4round,BENCH,False,solar_r3
3,rc_reentrancy__reentrancy_dao__sGuardPlus__reentrancy_dao,BENCH,False,solar_r3
3,rc_reentrancy__reentrancy_simple__SmartFix__reentrancy_simple,BENCH,False,solar_r3
3,rc_reentrancy__reentrancy_simple__sGuard__reentrancy_simple,BENCH,False,solar_r3
3,rc_time_manipulation__ether_lotto__SolGPT__ether_lotto_1round,BENCH,False,solar_r3
3,rc_time_manipulation__ether_lotto__SolGPT__ether_lotto_2round,BENCH,False,solar_r3
3,rc_time_manipulation__ether_lotto__SolGPT__ether_lotto_3round,BENCH,False,solar_r3
3,rc_time_manipulation__roulette__SolGPT__roulette_1round,BENCH,False,solar_r3
3,rc_time_manipulation__roulette__SolGPT__roulette_2round,BENCH,False,solar_r3
3,rc_time_manipulation__roulette__SolGPT__roulette_3round,BENCH,False,solar_r3
3,rc_time_manipulation__roulette__SolGPT__roulette_4round,BENCH,False,solar_r3
3,rc_unchecked_low_level_calls__0x07f7ecb66d788ab01dc93b9b71a88401de7d0f2e__SolGPT__0x07f7ecb66d788ab01dc93b9b71a88401de7d0f2e_3round,REAL,False,solar_r3
3,rc_unchecked_low_level_calls__0x2972d548497286d18e92b5fa1f8f9139e5653fd2__SolGPT__0x2972d548497286d18e92b5fa1f8f9139e5653fd2_3round,REAL,False,solar_r3
3,rc_unchecked_low_level_calls__0x4051334adc52057aca763453820cb0e045076ef3__SolGPT__0x4051334adc52057aca763453820cb0e045076ef3_2round,REAL,False,solar_r3
3,rc_unchecked_low_level_calls__0x4051334adc52057aca763453820cb0e045076ef3__SolGPT__0x4051334adc52057aca763453820cb0e045076ef3_3round,REAL,False,solar_r3
3,rc_unchecked_low_level_calls__0x4b71ad9c1a84b9b643aa54fdd66e2dec96e8b152__SolGPT__0x4b71ad9c1a84b9b643aa54fdd66e2dec96e8b152_1round,REAL,False,solar_r3
3,rc_unchecked_low_level_calls__0x4b71ad9c1a84b9b643aa54fdd66e2dec96e8b152__SolGPT__0x4b71ad9c1a84b9b643aa54fdd66e2dec96e8b152_2round,REAL,False,solar_r3
3,rc_unchecked_low_level_calls__0x4b71ad9c1a84b9b643aa54fdd66e2dec96e8b152__SolGPT__0x4b71ad9c1a84b9b643aa54fdd66e2dec96e8b152_3round,REAL,False,solar_r3
3,rc_unchecked_low_level_calls__0x7d09edb07d23acb532a82be3da5c17d9d85806b4__TIPS__0x7d09edb07d23acb532a82be3da5c17d9d85806b4U2,REAL,False,solar_r3
3,rc_unchecked_low_level_calls__0xa1fceeff3acc57d257b917e30c4df661401d6431__SolGPT__0xa1fceeff3acc57d257b917e30c4df661401d6431_1round,REAL,False,solar_r3
3,rc_unchecked_low_level_calls__0xb7c5c5aa4d42967efe906e1b66cb8df9cebf04f7__sGuardPlus__0xb7c5c5aa4d42967efe906e1b66cb8df9cebf04f7,REAL,False,solar_r3
3,rc_unchecked_low_level_calls__0xe894d54dca59cb53fe9cbc5155093605c7068220__TIPS__0xe894d54dca59cb53fe9cbc5155093605c7068220U1,REAL,False,solar_r3
3,rcx_reentrancy__0x23a91059fdc9579a9fbd0edc5f2ea0bfdb70deb4__SmartFix,REAL,False,solar_r3
3,rcx_reentrancy__0x4320e6f8c05b27ab4707cd1f6d5ce6f3e4b3a5a1__SmartFix,REAL,False,solar_r3
3,rcx_reentrancy__0x4e73b32ed6c35f570686b89848e5f39f20ecc106__SmartFix,REAL,False,solar_r3
3,rcx_reentrancy__0x561eac93c92360949ab1f1403323e6db345cbf31__SmartFix,REAL,False,solar_r3
3,rcx_reentrancy__0x7b368c4e805c3870b6c49a3f1f49f69af8662cf3__SmartFix,REAL,False,solar_r3
3,rcx_reentrancy__0x7b368c4e805c3870b6c49a3f1f49f69af8662cf3__sGuard,REAL,False,solar_r3
3,rcx_reentrancy__0x93c32845fae42c83a70e5f06214c8433665c2ab5__SmartFix,REAL,False,solar_r3
3,rcx_reentrancy__0x93c32845fae42c83a70e5f06214c8433665c2ab5__sGuard,REAL,False,solar_r3
3,rcx_reentrancy__0x96edbe868531bd23a6c05e9d0c424ea64fb1b78b__SmartFix,REAL,False,solar_r3
3,rcx_reentrancy__0x96edbe868531bd23a6c05e9d0c424ea64fb1b78b__sGuard,REAL,False,solar_r3
3,rcx_reentrancy__0xaae1f51cf3339f18b6d3f3bdc75a5facd744b0b8__SmartFix,REAL,False,solar_r3
3,rcx_reentrancy__0xb5e1b1ee15c6fa0e48fce100125569d430f1bd12__SmartFix,REAL,False,solar_r3
3,rcx_reentrancy__0xbe4041d55db380c5ae9d4a9b9703f1ed4e7e3888__SmartFix,REAL,False,solar_r3
3,rcx_reentrancy__0xbe4041d55db380c5ae9d4a9b9703f1ed4e7e3888__sGuard,REAL,False,solar_r3
3,rcx_reentrancy__0xf015c35649c82f5467c9c74b7f28ee67665aad68__SmartFix,REAL,False,solar_r3
3,rcx_reentrancy__0xf015c35649c82f5467c9c74b7f28ee67665aad68__sGuard,REAL,False,solar_r3
3,rcx_unchecked_low_level_calls__0x3e013fc32a54c4c5b6991ba539dcd0ec4355c859__SmartFix,REAL,False,solar_r3
3,rcx_unchecked_low_level_calls__0x4a66ad0bca2d700f11e1f2fc2c106f7d3264504c__SmartFix,REAL,False,solar_r3
3,rcx_unchecked_low_level_calls__0x4a66ad0bca2d700f11e1f2fc2c106f7d3264504c__TIPS,REAL,False,solar_r3
3,rcx_unchecked_low_level_calls__0x4a66ad0bca2d700f11e1f2fc2c106f7d3264504c__sGuard,REAL,False,solar_r3
3,rcx_unchecked_low_level_calls__0x5aa88d2901c68fda244f1d0584400368d2c8e739__SmartFix,REAL,False,solar_r3
3,rcx_unchecked_low_level_calls__0x610495793564aed0f9c7fc48dc4c7c9151d34fd6__SmartFix,REAL,False,solar_r3
3,rcx_unchecked_low_level_calls__0x610495793564aed0f9c7fc48dc4c7c9151d34fd6__TIPS,REAL,False,solar_r3
3,rcx_unchecked_low_level_calls__0x610495793564aed0f9c7fc48dc4c7c9151d34fd6__sGuard,REAL,False,solar_r3
3,rcx_unchecked_low_level_calls__0x610495793564aed0f9c7fc48dc4c7c9151d34fd6__sGuardPlus,REAL,False,solar_r3
3,rcx_unchecked_low_level_calls__0xa46edd6a9a93feec36576ee5048146870ea2c3ae__TIPS,REAL,False,solar_r3
3,rcx_unchecked_low_level_calls__0xa46edd6a9a93feec36576ee5048146870ea2c3ae__sGuard,REAL,False,solar_r3
3,rcx_unchecked_low_level_calls__0xb37f18af15bafb869a065b61fc83cfc44ed9cc27__SmartFix,REAL,False,solar_r3
3,rcx_unchecked_low_level_calls__0xb37f18af15bafb869a065b61fc83cfc44ed9cc27__TIPS,REAL,False,solar_r3
3,rcx_unchecked_low_level_calls__0xb37f18af15bafb869a065b61fc83cfc44ed9cc27__sGuard,REAL,False,solar_r3
3,rcx_unchecked_low_level_calls__0xb37f18af15bafb869a065b61fc83cfc44ed9cc27__sGuardPlus,REAL,False,solar_r3
3,rcx_unchecked_low_level_calls__0xd5967fed03e85d1cce44cab284695b41bc675b5c__TIPS,REAL,False,solar_r3
3,rcx_unchecked_low_level_calls__0xd5967fed03e85d1cce44cab284695b41bc675b5c__sGuard,REAL,False,solar_r3
3,rcx_unchecked_low_level_calls__0xf29ebe930a539a60279ace72c707cba851a57707__TIPS,REAL,False,solar_r3
3,rcx_unchecked_low_level_calls__0xf29ebe930a539a60279ace72c707cba851a57707__sGuard,REAL,False,solar_r3
3,rcx_unchecked_low_level_calls__0xf29ebe930a539a60279ace72c707cba851a57707__sGuardPlus,REAL,False,solar_r3
3,reprod_DCFToken,REAL,False,solar_r3
4,acfix_002_Templedao,REAL,False,solar_r4
4,acfix_015_CVE_2018_10666,REAL,False,solar_r4
4,acfix_016_CVE_2018_10705,REAL,False,solar_r4
4,acfix_021_CVE_2018_19832,REAL,False,solar_r4
4,acfix_022_CVE_2018_19833,REAL,False,solar_r4
4,acfix_026_CVE_2019_15080,REAL,False,solar_r4
4,acfix_030_CVE_2021_34272,REAL,False,solar_r4
4,acfix_031_CVE_2021_34273,REAL,False,solar_r4
4,acfix_032_CVE_2021_39167,REAL,False,solar_r4
4,acfix_033_CVE_2021_39168,REAL,False,solar_r4
4,acfix_077_L1Block,REAL,False,solar_r4
4,acfix_088_EmergencyOracleFactory,REAL,False,solar_r4
4,acfix_3_5_015_CVE_2018_10666,REAL,False,solar_r4
4,acfix_3_5_016_CVE_2018_10705,REAL,False,solar_r4
4,acfix_3_5_076_RoundFactory,REAL,False,solar_r4
4,acfix_3_5_077_L1Block,REAL,False,solar_r4
4,acfix_3_5_088_EmergencyOracleFactory,REAL,False,solar_r4
4,acfix_3_5_101_ANCHToken,REAL,False,solar_r4
4,acfix_fixlink_DepositLog,REAL,False,solar_r4
4,acfix_fixlink_DnGmxBatchingManager,REAL,False,solar_r4
4,acfix_fixlink_MStableYieldSource,REAL,False,solar_r4
4,acfix_fixlink_Product,REAL,False,solar_r4
4,acfix_fixlink_Product2,REAL,False,solar_r4
4,acfix_llama3_002_Templedao,REAL,False,solar_r4
4,acfix_llama3_017_CVE_2018_11329,REAL,False,solar_r4
4,acfix_llama3_022_CVE_2018_19833,REAL,False,solar_r4
4,acfix_llama3_024_CVE_2019_15078,REAL,False,solar_r4
4,acfix_real_BaseEscalationManager,REAL,False,solar_r4
4,acfix_real_FlashGovernanceArbiter,REAL,False,solar_r4
4,ct_20_Pool_sol_Synth_sol_Failing_Max_Value_Al,REAL,False,solar_r4
4,ct_5_Proposals_can_be_cancelled,REAL,False,solar_r4
4,pop_001_Multicall,REAL,False,solar_r4
4,pop_009_PrivatePool,REAL,False,solar_r4
4,pop_018_PrivatePool,REAL,False,solar_r4
4,pop_020_GSPFunding,REAL,False,solar_r4
4,pop_032_PuttyV2,REAL,False,solar_r4
4,pop_033_PrivatePool,REAL,False,solar_r4
4,pop_042_VaultAdapter,REAL,False,solar_r4
4,pop_046_CVXStaker,REAL,False,solar_r4
4,pop_048_PrivatePool,REAL,False,solar_r4
4,pop_049_Cooler,REAL,False,solar_r4
4,pop_051_LiquidityPool,REAL,False,solar_r4
4,pop_058_PuttyV2,REAL,False,solar_r4
4,pop_066_LRTDepositPool,REAL,False,solar_r4
4,pop_070_PhiNFT1155,REAL,False,solar_r4
4,pop_077_GameItems,REAL,False,solar_r4
4,pop_077_MergingPool,REAL,False,solar_r4
4,rc_access_control__mycontract__SolGPT__mycontract_2round,BENCH,False,solar_r4
4,rc_access_control__mycontract__SolGPT__mycontract_3round,BENCH,False,solar_r4
4,rc_access_control__mycontract__sGuard__mycontract,BENCH,False,solar_r4
4,rc_access_control__phishable__SmartFix__phishable,BENCH,False,solar_r4
4,rc_access_control__phishable__TIPS__phishable,BENCH,False,solar_r4
4,rc_access_control__phishable__sGuardPlus__phishable,BENCH,False,solar_r4
4,rc_access_control__phishable__sGuard__phishable,BENCH,False,solar_r4
4,rc_access_control__proxy__SolGPT__proxy_4round,BENCH,False,solar_r4
4,rc_access_control__simple_suicide__SmartFix__simple_suicide,BENCH,False,solar_r4
4,rc_access_control__simple_suicide__sGuardPlus__simple_suicide,BENCH,False,solar_r4
4,rc_access_control__wallet_02_refund_nosub__SmartFix__wallet_02_refund_nosub,BENCH,False,solar_r4
4,rc_access_control__wallet_02_refund_nosub__SolGPT__wallet_02_refund_nosub_2round,BENCH,False,solar_r4
4,rc_bad_randomness__old_blockhash__SolGPT__old_blockhash_1round,BENCH,False,solar_r4
4,rc_bad_randomness__old_blockhash__SolGPT__old_blockhash_2round,BENCH,False,solar_r4
4,rc_bad_randomness__old_blockhash__SolGPT__old_blockhash_3round,BENCH,False,solar_r4
4,rc_reentrancy__modifier_reentrancy__SmartFix__modifier_reentrancy,BENCH,False,solar_r4
4,rc_reentrancy__reentrancy_bonus__SmartFix__reentrancy_bonus,BENCH,False,solar_r4
4,rc_reentrancy__reentrancy_dao__SolGPT__reentrancy_dao_1round,BENCH,False,solar_r4
4,rc_reentrancy__reentrancy_dao__SolGPT__reentrancy_dao_4round,BENCH,False,solar_r4
4,rc_reentrancy__reentrancy_dao__sGuardPlus__reentrancy_dao,BENCH,False,solar_r4
4,rc_reentrancy__reentrancy_simple__SmartFix__reentrancy_simple,BENCH,False,solar_r4
4,rc_reentrancy__reentrancy_simple__sGuard__reentrancy_simple,BENCH,False,solar_r4
4,rc_time_manipulation__ether_lotto__SolGPT__ether_lotto_1round,BENCH,False,solar_r4
4,rc_time_manipulation__ether_lotto__SolGPT__ether_lotto_2round,BENCH,False,solar_r4
4,rc_time_manipulation__ether_lotto__SolGPT__ether_lotto_3round,BENCH,False,solar_r4
4,rc_time_manipulation__roulette__SolGPT__roulette_1round,BENCH,False,solar_r4
4,rc_time_manipulation__roulette__SolGPT__roulette_2round,BENCH,False,solar_r4
4,rc_time_manipulation__roulette__SolGPT__roulette_3round,BENCH,False,solar_r4
4,rc_time_manipulation__roulette__SolGPT__roulette_4round,BENCH,False,solar_r4
4,rc_unchecked_low_level_calls__0x07f7ecb66d788ab01dc93b9b71a88401de7d0f2e__SolGPT__0x07f7ecb66d788ab01dc93b9b71a88401de7d0f2e_3round,REAL,False,solar_r4
4,rc_unchecked_low_level_calls__0x2972d548497286d18e92b5fa1f8f9139e5653fd2__SolGPT__0x2972d548497286d18e92b5fa1f8f9139e5653fd2_3round,REAL,False,solar_r4
4,rc_unchecked_low_level_calls__0x4051334adc52057aca763453820cb0e045076ef3__SolGPT__0x4051334adc52057aca763453820cb0e045076ef3_2round,REAL,False,solar_r4
4,rc_unchecked_low_level_calls__0x4051334adc52057aca763453820cb0e045076ef3__SolGPT__0x4051334adc52057aca763453820cb0e045076ef3_3round,REAL,False,solar_r4
4,rc_unchecked_low_level_calls__0x4b71ad9c1a84b9b643aa54fdd66e2dec96e8b152__SolGPT__0x4b71ad9c1a84b9b643aa54fdd66e2dec96e8b152_1round,REAL,False,solar_r4
4,rc_unchecked_low_level_calls__0x4b71ad9c1a84b9b643aa54fdd66e2dec96e8b152__SolGPT__0x4b71ad9c1a84b9b643aa54fdd66e2dec96e8b152_2round,REAL,False,solar_r4
4,rc_unchecked_low_level_calls__0x4b71ad9c1a84b9b643aa54fdd66e2dec96e8b152__SolGPT__0x4b71ad9c1a84b9b643aa54fdd66e2dec96e8b152_3round,REAL,False,solar_r4
4,rc_unchecked_low_level_calls__0x7d09edb07d23acb532a82be3da5c17d9d85806b4__TIPS__0x7d09edb07d23acb532a82be3da5c17d9d85806b4U2,REAL,False,solar_r4
4,rc_unchecked_low_level_calls__0xa1fceeff3acc57d257b917e30c4df661401d6431__SolGPT__0xa1fceeff3acc57d257b917e30c4df661401d6431_1round,REAL,False,solar_r4
4,rc_unchecked_low_level_calls__0xb7c5c5aa4d42967efe906e1b66cb8df9cebf04f7__sGuardPlus__0xb7c5c5aa4d42967efe906e1b66cb8df9cebf04f7,REAL,False,solar_r4
4,rc_unchecked_low_level_calls__0xe894d54dca59cb53fe9cbc5155093605c7068220__TIPS__0xe894d54dca59cb53fe9cbc5155093605c7068220U1,REAL,False,solar_r4
4,rcx_reentrancy__0x23a91059fdc9579a9fbd0edc5f2ea0bfdb70deb4__SmartFix,REAL,False,solar_r4
4,rcx_reentrancy__0x4320e6f8c05b27ab4707cd1f6d5ce6f3e4b3a5a1__SmartFix,REAL,False,solar_r4
4,rcx_reentrancy__0x4e73b32ed6c35f570686b89848e5f39f20ecc106__SmartFix,REAL,False,solar_r4
4,rcx_reentrancy__0x561eac93c92360949ab1f1403323e6db345cbf31__SmartFix,REAL,False,solar_r4
4,rcx_reentrancy__0x7b368c4e805c3870b6c49a3f1f49f69af8662cf3__SmartFix,REAL,False,solar_r4
4,rcx_reentrancy__0x7b368c4e805c3870b6c49a3f1f49f69af8662cf3__sGuard,REAL,False,solar_r4
4,rcx_reentrancy__0x93c32845fae42c83a70e5f06214c8433665c2ab5__SmartFix,REAL,False,solar_r4
4,rcx_reentrancy__0x93c32845fae42c83a70e5f06214c8433665c2ab5__sGuard,REAL,False,solar_r4
4,rcx_reentrancy__0x96edbe868531bd23a6c05e9d0c424ea64fb1b78b__SmartFix,REAL,False,solar_r4
4,rcx_reentrancy__0x96edbe868531bd23a6c05e9d0c424ea64fb1b78b__sGuard,REAL,False,solar_r4
4,rcx_reentrancy__0xaae1f51cf3339f18b6d3f3bdc75a5facd744b0b8__SmartFix,REAL,False,solar_r4
4,rcx_reentrancy__0xb5e1b1ee15c6fa0e48fce100125569d430f1bd12__SmartFix,REAL,False,solar_r4
4,rcx_reentrancy__0xbe4041d55db380c5ae9d4a9b9703f1ed4e7e3888__SmartFix,REAL,False,solar_r4
4,rcx_reentrancy__0xbe4041d55db380c5ae9d4a9b9703f1ed4e7e3888__sGuard,REAL,False,solar_r4
4,rcx_reentrancy__0xf015c35649c82f5467c9c74b7f28ee67665aad68__SmartFix,REAL,False,solar_r4
4,rcx_reentrancy__0xf015c35649c82f5467c9c74b7f28ee67665aad68__sGuard,REAL,False,solar_r4
4,rcx_unchecked_low_level_calls__0x3e013fc32a54c4c5b6991ba539dcd0ec4355c859__SmartFix,REAL,False,solar_r4
4,rcx_unchecked_low_level_calls__0x4a66ad0bca2d700f11e1f2fc2c106f7d3264504c__SmartFix,REAL,False,solar_r4
4,rcx_unchecked_low_level_calls__0x4a66ad0bca2d700f11e1f2fc2c106f7d3264504c__TIPS,REAL,False,solar_r4
4,rcx_unchecked_low_level_calls__0x4a66ad0bca2d700f11e1f2fc2c106f7d3264504c__sGuard,REAL,False,solar_r4
4,rcx_unchecked_low_level_calls__0x5aa88d2901c68fda244f1d0584400368d2c8e739__SmartFix,REAL,False,solar_r4
4,rcx_unchecked_low_level_calls__0x610495793564aed0f9c7fc48dc4c7c9151d34fd6__SmartFix,REAL,False,solar_r4
4,rcx_unchecked_low_level_calls__0x610495793564aed0f9c7fc48dc4c7c9151d34fd6__TIPS,REAL,False,solar_r4
4,rcx_unchecked_low_level_calls__0x610495793564aed0f9c7fc48dc4c7c9151d34fd6__sGuard,REAL,False,solar_r4
4,rcx_unchecked_low_level_calls__0x610495793564aed0f9c7fc48dc4c7c9151d34fd6__sGuardPlus,REAL,False,solar_r4
4,rcx_unchecked_low_level_calls__0xa46edd6a9a93feec36576ee5048146870ea2c3ae__TIPS,REAL,False,solar_r4
4,rcx_unchecked_low_level_calls__0xa46edd6a9a93feec36576ee5048146870ea2c3ae__sGuard,REAL,False,solar_r4
4,rcx_unchecked_low_level_calls__0xb37f18af15bafb869a065b61fc83cfc44ed9cc27__SmartFix,REAL,False,solar_r4
4,rcx_unchecked_low_level_calls__0xb37f18af15bafb869a065b61fc83cfc44ed9cc27__TIPS,REAL,False,solar_r4
4,rcx_unchecked_low_level_calls__0xb37f18af15bafb869a065b61fc83cfc44ed9cc27__sGuard,REAL,False,solar_r4
4,rcx_unchecked_low_level_calls__0xb37f18af15bafb869a065b61fc83cfc44ed9cc27__sGuardPlus,REAL,False,solar_r4
4,rcx_unchecked_low_level_calls__0xd5967fed03e85d1cce44cab284695b41bc675b5c__TIPS,REAL,False,solar_r4
4,rcx_unchecked_low_level_calls__0xd5967fed03e85d1cce44cab284695b41bc675b5c__sGuard,REAL,False,solar_r4
4,rcx_unchecked_low_level_calls__0xf29ebe930a539a60279ace72c707cba851a57707__TIPS,REAL,False,solar_r4
4,rcx_unchecked_low_level_calls__0xf29ebe930a539a60279ace72c707cba851a57707__sGuard,REAL,False,solar_r4
4,rcx_unchecked_low_level_calls__0xf29ebe930a539a60279ace72c707cba851a57707__sGuardPlus,REAL,False,solar_r4
4,reprod_DCFToken,REAL,False,solar_r4
5,acfix_002_Templedao,REAL,False,solar_r5
5,acfix_015_CVE_2018_10666,REAL,False,solar_r5
5,acfix_016_CVE_2018_10705,REAL,False,solar_r5
5,acfix_021_CVE_2018_19832,REAL,False,solar_r5
5,acfix_022_CVE_2018_19833,REAL,False,solar_r5
5,acfix_026_CVE_2019_15080,REAL,False,solar_r5
5,acfix_030_CVE_2021_34272,REAL,False,solar_r5
5,acfix_031_CVE_2021_34273,REAL,False,solar_r5
5,acfix_032_CVE_2021_39167,REAL,False,solar_r5
5,acfix_033_CVE_2021_39168,REAL,False,solar_r5
5,acfix_077_L1Block,REAL,False,solar_r5
5,acfix_088_EmergencyOracleFactory,REAL,False,solar_r5
5,acfix_3_5_015_CVE_2018_10666,REAL,False,solar_r5
5,acfix_3_5_016_CVE_2018_10705,REAL,False,solar_r5
5,acfix_3_5_076_RoundFactory,REAL,False,solar_r5
5,acfix_3_5_077_L1Block,REAL,False,solar_r5
5,acfix_3_5_088_EmergencyOracleFactory,REAL,False,solar_r5
5,acfix_3_5_101_ANCHToken,REAL,False,solar_r5
5,acfix_fixlink_DepositLog,REAL,False,solar_r5
5,acfix_fixlink_DnGmxBatchingManager,REAL,False,solar_r5
5,acfix_fixlink_MStableYieldSource,REAL,False,solar_r5
5,acfix_fixlink_Product,REAL,False,solar_r5
5,acfix_fixlink_Product2,REAL,False,solar_r5
5,acfix_llama3_002_Templedao,REAL,False,solar_r5
5,acfix_llama3_017_CVE_2018_11329,REAL,False,solar_r5
5,acfix_llama3_022_CVE_2018_19833,REAL,False,solar_r5
5,acfix_llama3_024_CVE_2019_15078,REAL,False,solar_r5
5,acfix_real_BaseEscalationManager,REAL,False,solar_r5
5,acfix_real_FlashGovernanceArbiter,REAL,False,solar_r5
5,ct_20_Pool_sol_Synth_sol_Failing_Max_Value_Al,REAL,False,solar_r5
5,ct_5_Proposals_can_be_cancelled,REAL,False,solar_r5
5,pop_001_Multicall,REAL,False,solar_r5
5,pop_009_PrivatePool,REAL,False,solar_r5
5,pop_018_PrivatePool,REAL,False,solar_r5
5,pop_020_GSPFunding,REAL,False,solar_r5
5,pop_032_PuttyV2,REAL,False,solar_r5
5,pop_033_PrivatePool,REAL,False,solar_r5
5,pop_042_VaultAdapter,REAL,False,solar_r5
5,pop_046_CVXStaker,REAL,False,solar_r5
5,pop_048_PrivatePool,REAL,False,solar_r5
5,pop_049_Cooler,REAL,False,solar_r5
5,pop_051_LiquidityPool,REAL,False,solar_r5
5,pop_058_PuttyV2,REAL,False,solar_r5
5,pop_066_LRTDepositPool,REAL,False,solar_r5
5,pop_070_PhiNFT1155,REAL,False,solar_r5
5,pop_077_GameItems,REAL,False,solar_r5
5,pop_077_MergingPool,REAL,False,solar_r5
5,rc_access_control__mycontract__SolGPT__mycontract_2round,BENCH,False,solar_r5
5,rc_access_control__mycontract__SolGPT__mycontract_3round,BENCH,False,solar_r5
5,rc_access_control__mycontract__sGuard__mycontract,BENCH,False,solar_r5
5,rc_access_control__phishable__SmartFix__phishable,BENCH,False,solar_r5
5,rc_access_control__phishable__TIPS__phishable,BENCH,False,solar_r5
5,rc_access_control__phishable__sGuardPlus__phishable,BENCH,False,solar_r5
5,rc_access_control__phishable__sGuard__phishable,BENCH,False,solar_r5
5,rc_access_control__proxy__SolGPT__proxy_4round,BENCH,False,solar_r5
5,rc_access_control__simple_suicide__SmartFix__simple_suicide,BENCH,False,solar_r5
5,rc_access_control__simple_suicide__sGuardPlus__simple_suicide,BENCH,False,solar_r5
5,rc_access_control__wallet_02_refund_nosub__SmartFix__wallet_02_refund_nosub,BENCH,False,solar_r5
5,rc_access_control__wallet_02_refund_nosub__SolGPT__wallet_02_refund_nosub_2round,BENCH,False,solar_r5
5,rc_bad_randomness__old_blockhash__SolGPT__old_blockhash_1round,BENCH,False,solar_r5
5,rc_bad_randomness__old_blockhash__SolGPT__old_blockhash_2round,BENCH,False,solar_r5
5,rc_bad_randomness__old_blockhash__SolGPT__old_blockhash_3round,BENCH,False,solar_r5
5,rc_reentrancy__modifier_reentrancy__SmartFix__modifier_reentrancy,BENCH,False,solar_r5
5,rc_reentrancy__reentrancy_bonus__SmartFix__reentrancy_bonus,BENCH,False,solar_r5
5,rc_reentrancy__reentrancy_dao__SolGPT__reentrancy_dao_1round,BENCH,False,solar_r5
5,rc_reentrancy__reentrancy_dao__SolGPT__reentrancy_dao_4round,BENCH,False,solar_r5
5,rc_reentrancy__reentrancy_dao__sGuardPlus__reentrancy_dao,BENCH,False,solar_r5
5,rc_reentrancy__reentrancy_simple__SmartFix__reentrancy_simple,BENCH,False,solar_r5
5,rc_reentrancy__reentrancy_simple__sGuard__reentrancy_simple,BENCH,False,solar_r5
5,rc_time_manipulation__ether_lotto__SolGPT__ether_lotto_1round,BENCH,False,solar_r5
5,rc_time_manipulation__ether_lotto__SolGPT__ether_lotto_2round,BENCH,False,solar_r5
5,rc_time_manipulation__ether_lotto__SolGPT__ether_lotto_3round,BENCH,False,solar_r5
5,rc_time_manipulation__roulette__SolGPT__roulette_1round,BENCH,False,solar_r5
5,rc_time_manipulation__roulette__SolGPT__roulette_2round,BENCH,False,solar_r5
5,rc_time_manipulation__roulette__SolGPT__roulette_3round,BENCH,False,solar_r5
5,rc_time_manipulation__roulette__SolGPT__roulette_4round,BENCH,False,solar_r5
5,rc_unchecked_low_level_calls__0x07f7ecb66d788ab01dc93b9b71a88401de7d0f2e__SolGPT__0x07f7ecb66d788ab01dc93b9b71a88401de7d0f2e_3round,REAL,False,solar_r5
5,rc_unchecked_low_level_calls__0x2972d548497286d18e92b5fa1f8f9139e5653fd2__SolGPT__0x2972d548497286d18e92b5fa1f8f9139e5653fd2_3round,REAL,False,solar_r5
5,rc_unchecked_low_level_calls__0x4051334adc52057aca763453820cb0e045076ef3__SolGPT__0x4051334adc52057aca763453820cb0e045076ef3_2round,REAL,False,solar_r5
5,rc_unchecked_low_level_calls__0x4051334adc52057aca763453820cb0e045076ef3__SolGPT__0x4051334adc52057aca763453820cb0e045076ef3_3round,REAL,False,solar_r5
5,rc_unchecked_low_level_calls__0x4b71ad9c1a84b9b643aa54fdd66e2dec96e8b152__SolGPT__0x4b71ad9c1a84b9b643aa54fdd66e2dec96e8b152_1round,REAL,False,solar_r5
5,rc_unchecked_low_level_calls__0x4b71ad9c1a84b9b643aa54fdd66e2dec96e8b152__SolGPT__0x4b71ad9c1a84b9b643aa54fdd66e2dec96e8b152_2round,REAL,False,solar_r5
5,rc_unchecked_low_level_calls__0x4b71ad9c1a84b9b643aa54fdd66e2dec96e8b152__SolGPT__0x4b71ad9c1a84b9b643aa54fdd66e2dec96e8b152_3round,REAL,False,solar_r5
5,rc_unchecked_low_level_calls__0x7d09edb07d23acb532a82be3da5c17d9d85806b4__TIPS__0x7d09edb07d23acb532a82be3da5c17d9d85806b4U2,REAL,False,solar_r5
5,rc_unchecked_low_level_calls__0xa1fceeff3acc57d257b917e30c4df661401d6431__SolGPT__0xa1fceeff3acc57d257b917e30c4df661401d6431_1round,REAL,False,solar_r5
5,rc_unchecked_low_level_calls__0xb7c5c5aa4d42967efe906e1b66cb8df9cebf04f7__sGuardPlus__0xb7c5c5aa4d42967efe906e1b66cb8df9cebf04f7,REAL,False,solar_r5
5,rc_unchecked_low_level_calls__0xe894d54dca59cb53fe9cbc5155093605c7068220__TIPS__0xe894d54dca59cb53fe9cbc5155093605c7068220U1,REAL,False,solar_r5
5,rcx_reentrancy__0x23a91059fdc9579a9fbd0edc5f2ea0bfdb70deb4__SmartFix,REAL,False,solar_r5
5,rcx_reentrancy__0x4320e6f8c05b27ab4707cd1f6d5ce6f3e4b3a5a1__SmartFix,REAL,False,solar_r5
5,rcx_reentrancy__0x4e73b32ed6c35f570686b89848e5f39f20ecc106__SmartFix,REAL,False,solar_r5
5,rcx_reentrancy__0x561eac93c92360949ab1f1403323e6db345cbf31__SmartFix,REAL,False,solar_r5
5,rcx_reentrancy__0x7b368c4e805c3870b6c49a3f1f49f69af8662cf3__SmartFix,REAL,False,solar_r5
5,rcx_reentrancy__0x7b368c4e805c3870b6c49a3f1f49f69af8662cf3__sGuard,REAL,False,solar_r5
5,rcx_reentrancy__0x93c32845fae42c83a70e5f06214c8433665c2ab5__SmartFix,REAL,False,solar_r5
5,rcx_reentrancy__0x93c32845fae42c83a70e5f06214c8433665c2ab5__sGuard,REAL,False,solar_r5
5,rcx_reentrancy__0x96edbe868531bd23a6c05e9d0c424ea64fb1b78b__SmartFix,REAL,False,solar_r5
5,rcx_reentrancy__0x96edbe868531bd23a6c05e9d0c424ea64fb1b78b__sGuard,REAL,False,solar_r5
5,rcx_reentrancy__0xaae1f51cf3339f18b6d3f3bdc75a5facd744b0b8__SmartFix,REAL,False,solar_r5
5,rcx_reentrancy__0xb5e1b1ee15c6fa0e48fce100125569d430f1bd12__SmartFix,REAL,False,solar_r5
5,rcx_reentrancy__0xbe4041d55db380c5ae9d4a9b9703f1ed4e7e3888__SmartFix,REAL,False,solar_r5
5,rcx_reentrancy__0xbe4041d55db380c5ae9d4a9b9703f1ed4e7e3888__sGuard,REAL,False,solar_r5
5,rcx_reentrancy__0xf015c35649c82f5467c9c74b7f28ee67665aad68__SmartFix,REAL,False,solar_r5
5,rcx_reentrancy__0xf015c35649c82f5467c9c74b7f28ee67665aad68__sGuard,REAL,False,solar_r5
5,rcx_unchecked_low_level_calls__0x3e013fc32a54c4c5b6991ba539dcd0ec4355c859__SmartFix,REAL,False,solar_r5
5,rcx_unchecked_low_level_calls__0x4a66ad0bca2d700f11e1f2fc2c106f7d3264504c__SmartFix,REAL,False,solar_r5
5,rcx_unchecked_low_level_calls__0x4a66ad0bca2d700f11e1f2fc2c106f7d3264504c__TIPS,REAL,False,solar_r5
5,rcx_unchecked_low_level_calls__0x4a66ad0bca2d700f11e1f2fc2c106f7d3264504c__sGuard,REAL,False,solar_r5
5,rcx_unchecked_low_level_calls__0x5aa88d2901c68fda244f1d0584400368d2c8e739__SmartFix,REAL,False,solar_r5
5,rcx_unchecked_low_level_calls__0x610495793564aed0f9c7fc48dc4c7c9151d34fd6__SmartFix,REAL,False,solar_r5
5,rcx_unchecked_low_level_calls__0x610495793564aed0f9c7fc48dc4c7c9151d34fd6__TIPS,REAL,False,solar_r5
5,rcx_unchecked_low_level_calls__0x610495793564aed0f9c7fc48dc4c7c9151d34fd6__sGuard,REAL,False,solar_r5
5,rcx_unchecked_low_level_calls__0x610495793564aed0f9c7fc48dc4c7c9151d34fd6__sGuardPlus,REAL,False,solar_r5
5,rcx_unchecked_low_level_calls__0xa46edd6a9a93feec36576ee5048146870ea2c3ae__TIPS,REAL,False,solar_r5
5,rcx_unchecked_low_level_calls__0xa46edd6a9a93feec36576ee5048146870ea2c3ae__sGuard,REAL,False,solar_r5
5,rcx_unchecked_low_level_calls__0xb37f18af15bafb869a065b61fc83cfc44ed9cc27__SmartFix,REAL,False,solar_r5
5,rcx_unchecked_low_level_calls__0xb37f18af15bafb869a065b61fc83cfc44ed9cc27__TIPS,REAL,False,solar_r5
5,rcx_unchecked_low_level_calls__0xb37f18af15bafb869a065b61fc83cfc44ed9cc27__sGuard,REAL,False,solar_r5
5,rcx_unchecked_low_level_calls__0xb37f18af15bafb869a065b61fc83cfc44ed9cc27__sGuardPlus,REAL,False,solar_r5
5,rcx_unchecked_low_level_calls__0xd5967fed03e85d1cce44cab284695b41bc675b5c__TIPS,REAL,False,solar_r5
5,rcx_unchecked_low_level_calls__0xd5967fed03e85d1cce44cab284695b41bc675b5c__sGuard,REAL,False,solar_r5
5,rcx_unchecked_low_level_calls__0xf29ebe930a539a60279ace72c707cba851a57707__TIPS,REAL,False,solar_r5
5,rcx_unchecked_low_level_calls__0xf29ebe930a539a60279ace72c707cba851a57707__sGuard,REAL,False,solar_r5
5,rcx_unchecked_low_level_calls__0xf29ebe930a539a60279ace72c707cba851a57707__sGuardPlus,REAL,False,solar_r5
5,reprod_DCFToken,REAL,False,solar_r5
